# Blender 4.5.3 LTS
# www.blender.org
mtllib bed.mtl
o Cube.010
v 0.724490 3.584653 1.705924
v 0.724490 3.685626 1.705924
v 0.724490 3.584653 0.395463
v 0.724490 3.685626 0.395463
v 1.577922 3.584653 1.705924
v 1.577922 3.685626 1.705924
v 1.577922 3.584653 0.395463
v 1.577922 3.685626 0.395463
v 0.711499 3.567825 0.700101
v 0.711499 3.567825 1.401285
v 0.711499 3.702454 1.401285
v 0.711499 3.702454 0.700101
v 1.590912 3.567825 1.401285
v 1.590912 3.567825 0.700101
v 1.590913 3.702454 0.700101
v 1.590913 3.702454 1.401285
v 1.383720 3.567825 0.373906
v 0.918691 3.567825 0.373906
v 0.918691 3.702454 0.373906
v 1.383720 3.702454 0.373905
v 0.918691 3.567825 1.727481
v 1.383720 3.567825 1.727481
v 1.383720 3.702454 1.727481
v 0.918691 3.702454 1.727481
v 0.918691 3.736112 0.700101
v 1.383720 3.736112 0.700101
v 0.918691 3.736112 1.401285
v 1.383720 3.736112 1.401285
v 1.383720 3.534167 0.700101
v 0.918691 3.534167 0.700101
v 1.383720 3.534167 1.401285
v 0.918691 3.534167 1.401285
v 0.713724 3.570707 1.619240
v 0.715950 3.635139 1.720095
v 0.713724 3.699572 0.482146
v 0.715950 3.635139 0.381291
v 0.778054 3.570707 0.377598
v 1.524358 3.699572 0.377598
v 1.586462 3.635139 0.381291
v 1.588687 3.570707 0.482146
v 1.588687 3.699572 1.619240
v 1.586462 3.635139 1.720095
v 1.524358 3.570707 1.723788
v 0.778054 3.699572 1.723788
v 0.713724 3.570707 0.482146
v 0.711499 3.567825 1.050693
v 0.713724 3.699572 1.619240
v 0.711499 3.702454 1.050693
v 1.588687 3.570707 1.619240
v 1.590912 3.567825 1.050693
v 1.588687 3.699572 0.482146
v 1.590912 3.702454 1.050693
v 1.526042 3.731905 0.700101
v 1.526042 3.731905 1.401285
v 0.776370 3.538374 0.700101
v 0.776370 3.538374 1.401285
v 1.610399 3.635139 0.700101
v 1.610399 3.635139 1.401285
v 0.692013 3.635139 1.401285
v 0.692013 3.635139 0.700101
v 1.524358 3.570707 0.377598
v 1.151206 3.567825 0.373905
v 0.778054 3.699572 0.377598
v 1.151206 3.702454 0.373905
v 0.778054 3.570707 1.723788
v 1.151206 3.567825 1.727481
v 1.524358 3.699572 1.723788
v 1.151206 3.702454 1.727481
v 0.776370 3.731905 0.700101
v 1.151206 3.736112 0.700101
v 0.776370 3.731905 1.401285
v 1.151206 3.736112 1.401285
v 1.526042 3.538374 0.700101
v 1.151206 3.534167 0.700101
v 1.526042 3.538374 1.401285
v 1.151206 3.534167 1.401285
v 0.918691 3.534167 1.050693
v 1.383720 3.534167 1.050693
v 0.918691 3.538374 0.479351
v 1.383720 3.538374 0.479351
v 1.383720 3.736112 1.050693
v 0.918691 3.736112 1.050693
v 1.383720 3.731905 0.479351
v 0.918691 3.731905 0.479351
v 1.383720 3.731905 1.622035
v 0.918691 3.731905 1.622035
v 0.918691 3.538374 1.622035
v 1.383720 3.538374 1.622035
v 1.383720 3.635139 1.759816
v 0.918691 3.635139 1.759816
v 0.918691 3.635139 0.341570
v 1.383720 3.635139 0.341570
v 0.695020 3.635139 0.480749
v 1.525199 3.635139 0.346560
v 1.607391 3.635139 1.620637
v 0.777212 3.635139 1.754826
v 1.525620 3.542426 1.621336
v 0.776791 3.727853 1.621336
v 0.776791 3.727853 0.480050
v 0.776370 3.731905 1.050693
v 1.525620 3.542426 0.480050
v 1.526042 3.538374 1.050693
v 1.607391 3.635139 0.480749
v 1.610399 3.635139 1.050693
v 0.695020 3.635139 1.620637
v 0.692013 3.635139 1.050693
v 0.776370 3.538374 1.050693
v 1.151206 3.534167 1.050693
v 0.776791 3.542426 0.480050
v 1.151206 3.538374 0.479351
v 1.526042 3.731905 1.050693
v 1.151206 3.736112 1.050693
v 1.525620 3.727853 0.480050
v 1.151206 3.731905 0.479351
v 1.525620 3.727853 1.621336
v 1.151206 3.731905 1.622035
v 0.776791 3.542426 1.621336
v 1.151206 3.538374 1.622035
v 1.525199 3.635139 1.754826
v 1.151206 3.635139 1.759816
v 0.777212 3.635139 0.346560
v 1.151206 3.635139 0.341570
v 1.578448 3.478596 0.210580
v 1.578448 3.373169 0.210580
v 1.578572 3.479097 1.828658
v 1.578448 3.373169 1.828944
v -1.578396 3.480389 0.209419
v -1.578448 3.373169 0.210580
v -1.578292 3.483975 1.825460
v -1.578448 3.373169 1.828944
v 1.006082 3.355598 0.198668
v -1.006082 3.355598 0.198668
v 1.007799 3.503201 1.836794
v -1.005458 3.510798 1.831388
v -1.006082 3.355598 1.840857
v 1.006082 3.355598 1.840857
v -1.005908 3.502125 0.194809
v 1.006237 3.496824 0.198248
v -1.590003 3.355598 0.527957
v -1.590003 3.355598 1.511567
v 1.591575 3.502810 0.523716
v 1.593773 3.511666 1.502320
v -1.588741 3.527491 1.491292
v -1.589373 3.516831 0.514573
v 1.590002 3.355598 1.511567
v 1.590002 3.355598 0.527957
v -1.006082 3.320456 0.527957
v -1.006082 3.320456 1.511567
v 1.006082 3.320456 0.527957
v 1.006082 3.320456 1.511567
v 1.012650 3.563825 0.507257
v 1.017986 3.595742 1.472066
v -1.003402 3.581017 0.495811
v -1.003391 3.601334 1.465690
v -1.589755 3.355975 1.668241
v -1.588023 3.358608 1.762414
v -1.583751 3.365104 1.810561
v -1.310977 3.355975 0.198923
v -1.480852 3.358608 0.200708
v -1.556484 3.365104 0.205112
v 1.583504 3.457157 0.205367
v 1.586044 3.425883 0.202749
v 1.583504 3.394608 0.205367
v -1.583504 3.394608 1.834157
v -1.586044 3.425883 1.836776
v -1.583457 3.458797 1.833095
v 1.583504 3.457157 1.834157
v 1.586044 3.425883 1.836776
v 1.583504 3.394608 1.834157
v -1.583501 3.457261 0.205300
v -1.586044 3.425883 0.202749
v -1.583504 3.394608 0.205367
v -1.310651 3.506426 1.833714
v -1.480605 3.501634 1.833325
v -1.556286 3.493453 1.830013
v 1.592008 3.505010 1.662803
v 1.589225 3.498055 1.759556
v 1.584246 3.488669 1.809399
v 1.310977 3.355975 1.840602
v 1.480852 3.358608 1.838816
v 1.556484 3.365104 1.834412
v -1.589436 3.506768 0.364173
v -1.587852 3.499025 0.273309
v -1.583658 3.489851 0.226897
v 1.311056 3.496122 0.198712
v 1.480865 3.493214 0.200672
v 1.556484 3.486661 0.205112
v 1.589755 3.355975 0.371284
v 1.588023 3.358608 0.277111
v 1.583752 3.365104 0.228964
v 1.556484 3.365104 0.205112
v 1.480852 3.358608 0.200708
v 1.310977 3.355975 0.198923
v 0.546951 3.355598 0.198668
v 0.000000 3.355598 0.198668
v -0.546951 3.355598 0.198668
v 1.556901 3.488348 1.833446
v 1.481715 3.496650 1.836814
v 1.312309 3.501184 1.837502
v 0.548877 3.505491 1.835297
v 0.001710 3.510806 1.831660
v -0.545935 3.513392 1.829730
v -1.556484 3.365104 1.834412
v -1.480852 3.358608 1.838816
v -1.310977 3.355975 1.840602
v -0.546951 3.355598 1.840857
v 0.000000 3.355598 1.840857
v 0.546951 3.355598 1.840857
v -1.556409 3.489257 0.203431
v -1.480747 3.496774 0.198365
v -1.310836 3.500658 0.195770
v -0.546796 3.501253 0.195374
v 0.000061 3.497686 0.197685
v 0.547057 3.496614 0.198382
v -1.006044 3.465600 0.184437
v -1.006082 3.425883 0.180799
v -1.006082 3.387446 0.185266
v 1.006082 3.464319 0.185266
v 1.006082 3.425883 0.180799
v 1.006082 3.387446 0.185266
v -1.006082 3.321005 1.668434
v -1.006082 3.324849 1.763958
v -1.006082 3.335282 1.815610
v 1.006082 3.321005 1.668434
v 1.006082 3.324849 1.763958
v 1.006082 3.335282 1.815610
v 1.006084 3.464330 1.854252
v 1.006082 3.425883 1.858726
v 1.006082 3.387446 1.854258
v -1.005949 3.468885 1.851301
v -1.006082 3.425883 1.858726
v -1.006082 3.387446 1.854258
v 1.015290 3.576638 1.640891
v 1.013003 3.558830 1.745132
v 1.010638 3.536293 1.804067
v -1.003703 3.579563 1.636676
v -1.004148 3.561424 1.741621
v -1.004751 3.541220 1.799613
v -1.583752 3.365104 0.228964
v -1.588023 3.358608 0.277110
v -1.589755 3.355975 0.371283
v -1.590003 3.355598 0.754157
v -1.590003 3.355598 1.019762
v -1.590003 3.355598 1.285368
v 1.583752 3.486661 0.228964
v 1.588136 3.493634 0.276806
v 1.590309 3.498131 0.369790
v 1.593270 3.509940 0.745413
v 1.595222 3.518236 1.006112
v 1.595349 3.518490 1.271847
v -1.583530 3.494261 1.805638
v -1.587696 3.504396 1.755134
v -1.589176 3.513751 1.656610
v -1.587787 3.544449 1.254129
v -1.587584 3.548997 0.985580
v -1.588460 3.534780 0.729164
v 1.583752 3.365104 1.810561
v 1.588023 3.358608 1.762414
v 1.589755 3.355975 1.668241
v 1.590002 3.355598 1.285368
v 1.590002 3.355598 1.019762
v 1.590002 3.355598 0.754157
v -1.006082 3.335282 0.223915
v -1.006082 3.324849 0.275566
v -1.006082 3.321005 0.371090
v -1.006082 3.320456 0.754157
v -1.006082 3.320456 1.019762
v -1.006082 3.320456 1.285368
v 1.006082 3.335282 0.223915
v 1.006082 3.324849 0.275566
v 1.006082 3.321005 0.371090
v 1.006082 3.320456 0.754157
v 1.006082 3.320456 1.019762
v 1.006082 3.320456 1.285368
v 1.006886 3.519879 0.221747
v 1.007755 3.534225 0.270897
v 1.009362 3.546152 0.361247
v 1.017194 3.591668 0.715799
v 1.020195 3.613881 0.967293
v 1.020210 3.613504 1.233777
v -1.005767 3.526296 0.217560
v -1.005447 3.542583 0.265426
v -1.004759 3.558169 0.353359
v -1.002461 3.609747 0.703119
v -1.002617 3.627442 0.956806
v -1.003109 3.622451 1.225482
v -0.543007 3.590635 0.489492
v 0.005985 3.591128 0.489138
v 0.554351 3.578714 0.497475
v -0.543354 3.615676 1.456098
v 0.006780 3.621536 1.452779
v 0.557981 3.613708 1.459320
v 1.316212 3.553576 0.513442
v 1.486236 3.543613 0.517318
v 1.564272 3.528697 0.520159
v 1.321825 3.581219 1.481224
v 1.491396 3.566471 1.488057
v 1.568367 3.545674 1.494299
v 0.546951 3.320456 0.527957
v 0.000000 3.320456 0.527957
v -0.546951 3.320456 0.527957
v 0.546951 3.320456 1.511567
v 0.000000 3.320456 1.511567
v -0.546951 3.320456 1.511567
v -1.311165 3.321005 0.527957
v -1.482350 3.324849 0.527957
v -1.561381 3.335282 0.527957
v -1.311165 3.321005 1.511567
v -1.482350 3.324849 1.511567
v -1.561381 3.335282 1.511567
v 1.603127 3.464850 0.527619
v 1.607334 3.425883 0.527957
v 1.603001 3.387446 0.527957
v 1.603502 3.466426 1.510236
v 1.607334 3.425883 1.511567
v 1.603001 3.387446 1.511567
v 1.561381 3.335282 0.527957
v 1.482350 3.324849 0.527957
v 1.311164 3.321005 0.527957
v 1.561381 3.335282 1.511567
v 1.482350 3.324849 1.511567
v 1.311164 3.321005 1.511567
v -1.602571 3.479104 1.501990
v -1.607279 3.427776 1.510341
v -1.603001 3.387446 1.511567
v -1.602700 3.474655 0.521262
v -1.607315 3.426511 0.527550
v -1.603001 3.387446 0.527957
v -1.560419 3.543545 0.510435
v -1.481089 3.558647 0.507418
v -1.309386 3.569708 0.502757
v -1.559490 3.557606 1.484961
v -1.480031 3.574662 1.480665
v -1.308532 3.587848 1.474469
v -1.309217 3.568161 1.643874
v -1.480946 3.556395 1.648970
v -1.560253 3.540807 1.652241
v -1.309913 3.551698 1.747536
v -1.481220 3.541960 1.751096
v -1.559734 3.528129 1.752825
v -1.310306 3.533585 1.804085
v -1.480845 3.525816 1.805911
v -1.557716 3.514316 1.805269
v -1.311024 3.387653 1.853935
v -1.311071 3.425883 1.858381
v -1.310919 3.467737 1.851587
v -1.481226 3.389103 1.851673
v -1.481601 3.425883 1.855968
v -1.481152 3.465232 1.850008
v -1.557883 3.392344 1.845634
v -1.559107 3.425883 1.849433
v -1.557830 3.461248 1.844451
v -1.602688 3.387653 0.371235
v -1.606999 3.425883 0.371187
v -1.602562 3.468417 0.368447
v -1.600494 3.389103 0.276724
v -1.604659 3.425883 0.276338
v -1.600451 3.464136 0.275769
v -1.594636 3.392344 0.227521
v -1.598320 3.425883 0.226259
v -1.594625 3.459807 0.227271
v 1.311159 3.321552 1.668428
v 1.482303 3.325378 1.668386
v 1.561239 3.335761 1.668295
v 1.311118 3.325378 1.763910
v 1.481975 3.329079 1.763572
v 1.560244 3.339115 1.762849
v 1.311030 3.335761 1.815463
v 1.481273 3.339115 1.814438
v 1.558025 3.348072 1.812150
v 1.602687 3.387653 1.668289
v 1.607000 3.425883 1.668338
v 1.602782 3.464512 1.668035
v 1.600494 3.389103 1.762800
v 1.604659 3.425883 1.763186
v 1.600494 3.462662 1.762800
v 1.594636 3.392344 1.812003
v 1.598320 3.425883 1.813266
v 1.594636 3.459421 1.812004
v 1.311024 3.387653 0.185590
v 1.311071 3.425883 0.181144
v 1.311024 3.464112 0.185590
v 1.481226 3.389103 0.187852
v 1.481601 3.425883 0.183557
v 1.481226 3.462662 0.187852
v 1.557883 3.392344 0.193890
v 1.559108 3.425883 0.190092
v 1.557883 3.459421 0.193890
v -1.557883 3.392344 0.193890
v -1.559107 3.425883 0.190092
v -1.557879 3.459564 0.193798
v -1.481226 3.389103 0.187852
v -1.481601 3.425883 0.183557
v -1.481215 3.463041 0.187606
v -1.311024 3.387653 0.185590
v -1.311071 3.425883 0.181144
v -1.311000 3.464933 0.185058
v -0.546951 3.387446 0.185266
v -0.546951 3.425883 0.180799
v -0.546926 3.465187 0.184704
v 0.000000 3.387446 0.185266
v 0.000000 3.425883 0.180799
v 0.000000 3.464319 0.185266
v 0.546951 3.387446 0.185266
v 0.546951 3.425883 0.180799
v 0.546951 3.464319 0.185266
v -1.561239 3.335761 1.668296
v -1.482303 3.325378 1.668386
v -1.311159 3.321552 1.668428
v -1.560244 3.339115 1.762849
v -1.481975 3.329079 1.763572
v -1.311118 3.325378 1.763910
v -1.558026 3.348072 1.812150
v -1.481273 3.339115 1.814438
v -1.311030 3.335761 1.815463
v -0.546951 3.321005 1.668434
v 0.000000 3.321005 1.668434
v 0.546951 3.321005 1.668434
v -0.546951 3.324849 1.763958
v 0.000000 3.324849 1.763958
v 0.546951 3.324849 1.763958
v -0.546951 3.335282 1.815610
v 0.000000 3.335282 1.815609
v 0.546951 3.335282 1.815610
v 1.557883 3.392344 1.845634
v 1.559108 3.425883 1.849433
v 1.557883 3.459421 1.845634
v 1.481226 3.389103 1.851673
v 1.481601 3.425883 1.855968
v 1.481226 3.462662 1.851673
v 1.311024 3.387653 1.853935
v 1.311071 3.425883 1.858381
v 1.311024 3.464112 1.853935
v 0.546951 3.387446 1.854258
v 0.546951 3.425883 1.858725
v 0.546951 3.464319 1.854258
v 0.000000 3.387446 1.854258
v 0.000000 3.425883 1.858726
v 0.000021 3.465042 1.853790
v -0.546951 3.387446 1.854258
v -0.546951 3.425883 1.858726
v -0.546843 3.468047 1.851844
v 1.565829 3.534715 1.657387
v 1.488641 3.552700 1.653041
v 1.319043 3.564970 1.647962
v 1.563210 3.524689 1.755895
v 1.486220 3.539915 1.753647
v 1.316665 3.549573 1.750478
v 1.559671 3.510363 1.808318
v 1.483874 3.523181 1.808399
v 1.314479 3.530021 1.807415
v 0.556059 3.589688 1.631904
v 0.006423 3.597897 1.625415
v -0.543393 3.592201 1.628464
v 0.554193 3.568099 1.738914
v 0.005597 3.575670 1.733202
v -0.543809 3.571293 1.735369
v 0.552184 3.543164 1.799634
v 0.004444 3.550459 1.794431
v -0.544498 3.548281 1.795236
v 0.547764 3.520490 0.221351
v 0.000619 3.523490 0.219395
v -0.546447 3.527181 0.216994
v 0.548882 3.537239 0.268952
v 0.001656 3.542692 0.265401
v -0.545929 3.545137 0.263785
v 0.550880 3.553444 0.356543
v 0.003558 3.562798 0.350455
v -0.544800 3.563578 0.349886
v 0.557725 3.612758 0.701405
v 0.007110 3.623699 0.693621
v -0.542446 3.621682 0.694979
v 0.559138 3.634689 0.952561
v 0.006678 3.642758 0.946357
v -0.542969 3.640165 0.948011
v 0.559113 3.633463 1.219347
v 0.006463 3.640404 1.213542
v -0.543434 3.636385 1.215940
v 1.558177 3.504334 0.226966
v 1.481646 3.514226 0.224081
v 1.311636 3.518566 0.222426
v 1.560815 3.515063 0.275135
v 1.482938 3.526753 0.273355
v 1.312442 3.531983 0.272042
v 1.562616 3.521825 0.367513
v 1.484271 3.534705 0.365828
v 1.313671 3.540930 0.364253
v 1.567234 3.541791 0.738284
v 1.490164 3.561827 0.732319
v 1.320726 3.576333 0.725529
v 1.570434 3.556181 0.995396
v 1.493488 3.578551 0.987880
v 1.323965 3.595036 0.979648
v 1.570673 3.556796 1.261072
v 1.493699 3.579217 1.253602
v 1.324128 3.595678 1.245449
v -0.546951 3.335282 0.223915
v 0.000000 3.335282 0.223915
v 0.546951 3.335282 0.223915
v -0.546951 3.324849 0.275566
v 0.000000 3.324849 0.275566
v 0.546951 3.324849 0.275566
v -0.546951 3.321005 0.371090
v 0.000000 3.321005 0.371090
v 0.546951 3.321005 0.371090
v -0.546951 3.320456 0.754157
v 0.000000 3.320456 0.754157
v 0.546951 3.320456 0.754157
v -0.546951 3.320456 1.019762
v 0.000000 3.320456 1.019762
v 0.546951 3.320456 1.019762
v -0.546951 3.320456 1.285368
v 0.000000 3.320456 1.285368
v 0.546951 3.320456 1.285368
v -1.558026 3.348072 0.227375
v -1.481273 3.339115 0.225087
v -1.311030 3.335761 0.224062
v -1.560244 3.339115 0.276676
v -1.481975 3.329079 0.275952
v -1.311118 3.325378 0.275614
v -1.561239 3.335761 0.371229
v -1.482303 3.325378 0.371139
v -1.311159 3.321552 0.371096
v -1.561381 3.335282 0.754157
v -1.482350 3.324849 0.754157
v -1.311165 3.321005 0.754157
v -1.561381 3.335282 1.019762
v -1.482350 3.324849 1.019762
v -1.311165 3.321005 1.019762
v -1.561381 3.335282 1.285368
v -1.482350 3.324849 1.285368
v -1.311165 3.321005 1.285368
v 1.594636 3.392344 0.227521
v 1.598320 3.425883 0.226259
v 1.594636 3.459421 0.227521
v 1.600493 3.389103 0.276724
v 1.604659 3.425883 0.276338
v 1.600493 3.462662 0.276724
v 1.602687 3.387653 0.371235
v 1.606999 3.425883 0.371187
v 1.602687 3.464112 0.371235
v 1.603001 3.387446 0.754157
v 1.607334 3.425883 0.754157
v 1.603721 3.467361 0.752215
v 1.603001 3.387446 1.019762
v 1.607334 3.425883 1.019762
v 1.604251 3.469600 1.016391
v 1.603001 3.387446 1.285368
v 1.607334 3.425883 1.285368
v 1.604106 3.468976 1.282413
v 1.311030 3.335761 0.224062
v 1.481273 3.339115 0.225087
v 1.558025 3.348072 0.227375
v 1.311118 3.325378 0.275614
v 1.481975 3.329079 0.275952
v 1.560244 3.339115 0.276676
v 1.311159 3.321552 0.371096
v 1.482303 3.325378 0.371139
v 1.561239 3.335761 0.371229
v 1.311165 3.321005 0.754157
v 1.482350 3.324849 0.754157
v 1.561381 3.335282 0.754157
v 1.311165 3.321005 1.019762
v 1.482350 3.324849 1.019762
v 1.561381 3.335282 1.019762
v 1.311165 3.321005 1.285368
v 1.482350 3.324849 1.285368
v 1.561381 3.335282 1.285368
v -1.594637 3.392344 1.812003
v -1.598320 3.425883 1.813266
v -1.594566 3.461859 1.810425
v -1.600494 3.389103 1.762800
v -1.604659 3.425883 1.763186
v -1.600364 3.467113 1.759917
v -1.602688 3.387653 1.668289
v -1.606992 3.426119 1.668184
v -1.602447 3.472383 1.662931
v -1.603001 3.387446 1.285368
v -1.607192 3.430739 1.282222
v -1.602247 3.487794 1.270165
v -1.603001 3.387446 1.019762
v -1.607160 3.431856 1.015893
v -1.602120 3.490870 1.002569
v -1.603001 3.387446 0.754157
v -1.607231 3.429417 0.751868
v -1.602438 3.483633 0.741646
v -1.310796 3.524044 0.218854
v -1.481084 3.519133 0.220888
v -1.557875 3.508851 0.224034
v -1.310758 3.538236 0.267940
v -1.481689 3.532510 0.269589
v -1.560001 3.520986 0.271276
v -1.310381 3.550889 0.357711
v -1.481785 3.542912 0.360436
v -1.560826 3.530198 0.362035
v -1.308028 3.595806 0.712027
v -1.479789 3.582099 0.718454
v -1.559249 3.565104 0.722695
v -1.307763 3.612179 0.966774
v -1.479118 3.597899 0.973742
v -1.558326 3.580764 0.978167
v -1.308071 3.607463 1.235358
v -1.479334 3.593369 1.242250
v -1.558509 3.576220 1.246708
v 1.578448 2.178539 0.210580
v 1.578448 2.073113 0.210580
v 1.578572 2.179040 1.828658
v 1.578448 2.073113 1.828945
v -1.578396 2.180333 0.209418
v -1.578448 2.073113 0.210580
v -1.578292 2.183918 1.825460
v -1.578448 2.073113 1.828945
v 1.006082 2.055542 0.198668
v -1.006082 2.055542 0.198668
v 1.007799 2.203144 1.836794
v -1.005458 2.210742 1.831388
v -1.006082 2.055542 1.840857
v 1.006082 2.055542 1.840857
v -1.005908 2.202068 0.194808
v 1.006237 2.196767 0.198248
v -1.590003 2.055542 0.527957
v -1.590003 2.055542 1.511567
v 1.591575 2.202754 0.523716
v 1.593774 2.211609 1.502320
v -1.588741 2.227435 1.491292
v -1.589373 2.216774 0.514573
v 1.590003 2.055542 1.511567
v 1.590003 2.055542 0.527957
v -1.006082 2.020400 0.527957
v -1.006082 2.020400 1.511567
v 1.006082 2.020400 0.527957
v 1.006082 2.020400 1.511567
v 1.012650 2.263769 0.507257
v 1.017986 2.295686 1.472067
v -1.003402 2.280960 0.495811
v -1.003391 2.301277 1.465690
v -1.589755 2.055918 1.668241
v -1.588023 2.058552 1.762414
v -1.583752 2.065048 1.810561
v -1.310977 2.055918 0.198923
v -1.480852 2.058552 0.200708
v -1.556484 2.065048 0.205112
v 1.583504 2.157101 0.205367
v 1.586044 2.125826 0.202749
v 1.583504 2.094552 0.205367
v -1.583504 2.094552 1.834157
v -1.586044 2.125826 1.836776
v -1.583457 2.158741 1.833095
v 1.583504 2.157101 1.834157
v 1.586044 2.125826 1.836776
v 1.583504 2.094552 1.834157
v -1.583501 2.157205 0.205300
v -1.586044 2.125826 0.202749
v -1.583504 2.094552 0.205367
v -1.310652 2.206369 1.833714
v -1.480605 2.201578 1.833325
v -1.556286 2.193397 1.830013
v 1.592009 2.204954 1.662804
v 1.589226 2.197999 1.759556
v 1.584246 2.188612 1.809400
v 1.310977 2.055918 1.840602
v 1.480852 2.058552 1.838816
v 1.556484 2.065048 1.834412
v -1.589436 2.206711 0.364173
v -1.587852 2.198968 0.273309
v -1.583659 2.189795 0.226897
v 1.311056 2.196065 0.198711
v 1.480865 2.193158 0.200672
v 1.556484 2.186605 0.205112
v 1.589755 2.055918 0.371283
v 1.588023 2.058552 0.277110
v 1.583752 2.065048 0.228964
v 1.556484 2.065048 0.205112
v 1.480852 2.058552 0.200708
v 1.310977 2.055918 0.198923
v 0.546951 2.055542 0.198668
v 0.000000 2.055542 0.198668
v -0.546951 2.055542 0.198668
v 1.556901 2.188292 1.833446
v 1.481715 2.196594 1.836814
v 1.312309 2.201128 1.837502
v 0.548877 2.205434 1.835297
v 0.001710 2.210750 1.831660
v -0.545935 2.213335 1.829730
v -1.556484 2.065048 1.834412
v -1.480852 2.058552 1.838816
v -1.310977 2.055918 1.840602
v -0.546951 2.055542 1.840857
v 0.000000 2.055542 1.840857
v 0.546951 2.055542 1.840857
v -1.556409 2.189200 0.203431
v -1.480747 2.196718 0.198365
v -1.310836 2.200601 0.195770
v -0.546796 2.201196 0.195374
v 0.000061 2.197629 0.197684
v 0.547057 2.196558 0.198382
v -1.006045 2.165544 0.184437
v -1.006082 2.125826 0.180799
v -1.006082 2.087389 0.185266
v 1.006082 2.164263 0.185266
v 1.006082 2.125826 0.180799
v 1.006082 2.087389 0.185266
v -1.006082 2.020949 1.668434
v -1.006082 2.024793 1.763959
v -1.006082 2.035225 1.815610
v 1.006082 2.020949 1.668434
v 1.006082 2.024793 1.763959
v 1.006082 2.035225 1.815610
v 1.006085 2.164274 1.854252
v 1.006082 2.125826 1.858726
v 1.006082 2.087389 1.854258
v -1.005949 2.168829 1.851301
v -1.006082 2.125826 1.858726
v -1.006082 2.087389 1.854259
v 1.015290 2.276581 1.640891
v 1.013003 2.258774 1.745132
v 1.010638 2.236236 1.804067
v -1.003703 2.279507 1.636676
v -1.004148 2.261367 1.741621
v -1.004751 2.241164 1.799613
v -1.583752 2.065048 0.228964
v -1.588023 2.058552 0.277110
v -1.589755 2.055918 0.371283
v -1.590003 2.055542 0.754157
v -1.590003 2.055542 1.019762
v -1.590003 2.055542 1.285368
v 1.583752 2.186605 0.228964
v 1.588136 2.193577 0.276806
v 1.590309 2.198074 0.369789
v 1.593270 2.209884 0.745413
v 1.595222 2.218180 1.006112
v 1.595349 2.218433 1.271847
v -1.583531 2.194204 1.805638
v -1.587696 2.204340 1.755134
v -1.589176 2.213695 1.656610
v -1.587787 2.244393 1.254129
v -1.587584 2.248941 0.985580
v -1.588460 2.234723 0.729164
v 1.583752 2.065048 1.810561
v 1.588023 2.058552 1.762414
v 1.589755 2.055918 1.668241
v 1.590003 2.055542 1.285368
v 1.590003 2.055542 1.019762
v 1.590003 2.055542 0.754157
v -1.006082 2.035225 0.223915
v -1.006082 2.024793 0.275566
v -1.006082 2.020949 0.371090
v -1.006082 2.020400 0.754157
v -1.006082 2.020400 1.019762
v -1.006082 2.020400 1.285368
v 1.006082 2.035225 0.223915
v 1.006082 2.024793 0.275566
v 1.006082 2.020949 0.371090
v 1.006082 2.020400 0.754157
v 1.006082 2.020400 1.019762
v 1.006082 2.020400 1.285368
v 1.006886 2.219823 0.221747
v 1.007755 2.234169 0.270897
v 1.009362 2.246095 0.361247
v 1.017195 2.291611 0.715799
v 1.020195 2.313825 0.967293
v 1.020210 2.313448 1.233777
v -1.005767 2.226239 0.217560
v -1.005448 2.242526 0.265426
v -1.004759 2.258112 0.353359
v -1.002461 2.309690 0.703119
v -1.002617 2.327386 0.956806
v -1.003109 2.322395 1.225482
v -0.543007 2.290578 0.489492
v 0.005985 2.291072 0.489138
v 0.554351 2.278658 0.497475
v -0.543354 2.315620 1.456098
v 0.006780 2.321479 1.452779
v 0.557981 2.313652 1.459320
v 1.316212 2.253520 0.513442
v 1.486236 2.243557 0.517318
v 1.564272 2.228641 0.520159
v 1.321825 2.281163 1.481224
v 1.491396 2.266414 1.488057
v 1.568367 2.245618 1.494299
v 0.546951 2.020400 0.527957
v 0.000000 2.020400 0.527957
v -0.546951 2.020400 0.527957
v 0.546951 2.020400 1.511567
v 0.000000 2.020400 1.511568
v -0.546951 2.020400 1.511567
v -1.311165 2.020949 0.527957
v -1.482350 2.024793 0.527957
v -1.561381 2.035225 0.527957
v -1.311165 2.020949 1.511567
v -1.482350 2.024793 1.511568
v -1.561381 2.035225 1.511567
v 1.603127 2.164793 0.527619
v 1.607334 2.125826 0.527957
v 1.603001 2.087389 0.527957
v 1.603502 2.166369 1.510236
v 1.607334 2.125826 1.511567
v 1.603001 2.087389 1.511567
v 1.561381 2.035225 0.527957
v 1.482350 2.024793 0.527957
v 1.311165 2.020949 0.527957
v 1.561381 2.035225 1.511567
v 1.482350 2.024793 1.511567
v 1.311165 2.020949 1.511567
v -1.602571 2.179048 1.501991
v -1.607279 2.127719 1.510341
v -1.603001 2.087389 1.511567
v -1.602700 2.174599 0.521262
v -1.607316 2.126455 0.527550
v -1.603001 2.087389 0.527957
v -1.560420 2.243489 0.510435
v -1.481089 2.258591 0.507418
v -1.309387 2.269651 0.502757
v -1.559490 2.257550 1.484961
v -1.480031 2.274606 1.480665
v -1.308532 2.287791 1.474469
v -1.309217 2.268105 1.643874
v -1.480946 2.256338 1.648970
v -1.560253 2.240751 1.652241
v -1.309913 2.251642 1.747536
v -1.481220 2.241903 1.751096
v -1.559734 2.228072 1.752825
v -1.310306 2.233528 1.804085
v -1.480845 2.225760 1.805911
v -1.557716 2.214260 1.805269
v -1.311024 2.087596 1.853935
v -1.311071 2.125826 1.858381
v -1.310919 2.167681 1.851587
v -1.481227 2.089047 1.851673
v -1.481601 2.125826 1.855968
v -1.481152 2.165175 1.850008
v -1.557884 2.092288 1.845635
v -1.559108 2.125826 1.849433
v -1.557830 2.161191 1.844451
v -1.602688 2.087596 0.371235
v -1.607000 2.125826 0.371187
v -1.602562 2.168360 0.368447
v -1.600494 2.089047 0.276724
v -1.604659 2.125826 0.276338
v -1.600451 2.164080 0.275769
v -1.594637 2.092288 0.227521
v -1.598321 2.125826 0.226259
v -1.594625 2.159751 0.227271
v 1.311159 2.021495 1.668428
v 1.482303 2.025321 1.668386
v 1.561239 2.035705 1.668296
v 1.311118 2.025321 1.763910
v 1.481975 2.029023 1.763572
v 1.560244 2.039059 1.762849
v 1.311030 2.035705 1.815463
v 1.481273 2.039059 1.814438
v 1.558026 2.048016 1.812150
v 1.602688 2.087596 1.668289
v 1.607000 2.125826 1.668338
v 1.602782 2.164455 1.668035
v 1.600494 2.089047 1.762800
v 1.604659 2.125826 1.763186
v 1.600494 2.162605 1.762800
v 1.594637 2.092288 1.812004
v 1.598321 2.125826 1.813266
v 1.594636 2.159365 1.812004
v 1.311024 2.087596 0.185589
v 1.311071 2.125826 0.181144
v 1.311024 2.164056 0.185589
v 1.481226 2.089047 0.187851
v 1.481601 2.125826 0.183557
v 1.481226 2.162605 0.187851
v 1.557883 2.092288 0.193890
v 1.559108 2.125826 0.190092
v 1.557884 2.159365 0.193890
v -1.557884 2.092288 0.193890
v -1.559108 2.125826 0.190092
v -1.557879 2.159507 0.193798
v -1.481227 2.089047 0.187851
v -1.481601 2.125826 0.183557
v -1.481215 2.162985 0.187606
v -1.311024 2.087596 0.185589
v -1.311071 2.125826 0.181144
v -1.311001 2.164876 0.185058
v -0.546951 2.087389 0.185266
v -0.546951 2.125826 0.180799
v -0.546926 2.165131 0.184704
v 0.000000 2.087389 0.185266
v 0.000000 2.125826 0.180799
v 0.000000 2.164263 0.185266
v 0.546951 2.087389 0.185266
v 0.546951 2.125826 0.180799
v 0.546951 2.164263 0.185266
v -1.561239 2.035705 1.668296
v -1.482303 2.025321 1.668386
v -1.311159 2.021495 1.668428
v -1.560244 2.039059 1.762849
v -1.481975 2.029023 1.763572
v -1.311118 2.025321 1.763910
v -1.558026 2.048016 1.812150
v -1.481273 2.039059 1.814438
v -1.311030 2.035705 1.815463
v -0.546952 2.020949 1.668434
v 0.000000 2.020949 1.668434
v 0.546951 2.020949 1.668434
v -0.546951 2.024793 1.763958
v 0.000000 2.024793 1.763958
v 0.546951 2.024793 1.763958
v -0.546951 2.035225 1.815610
v 0.000000 2.035225 1.815610
v 0.546951 2.035225 1.815610
v 1.557883 2.092288 1.845634
v 1.559108 2.125826 1.849433
v 1.557884 2.159365 1.845635
v 1.481226 2.089047 1.851673
v 1.481601 2.125826 1.855968
v 1.481226 2.162605 1.851673
v 1.311024 2.087596 1.853935
v 1.311071 2.125826 1.858381
v 1.311024 2.164056 1.853935
v 0.546951 2.087389 1.854258
v 0.546951 2.125826 1.858726
v 0.546951 2.164263 1.854258
v 0.000000 2.087389 1.854259
v 0.000000 2.125826 1.858726
v 0.000021 2.164985 1.853791
v -0.546951 2.087389 1.854259
v -0.546951 2.125826 1.858726
v -0.546843 2.167991 1.851844
v 1.565829 2.234659 1.657388
v 1.488641 2.252643 1.653041
v 1.319043 2.264914 1.647962
v 1.563210 2.224633 1.755895
v 1.486220 2.239859 1.753647
v 1.316666 2.249516 1.750478
v 1.559672 2.210306 1.808318
v 1.483875 2.223125 1.808399
v 1.314479 2.229965 1.807415
v 0.556059 2.289632 1.631904
v 0.006423 2.297841 1.625415
v -0.543393 2.292144 1.628464
v 0.554193 2.268043 1.738914
v 0.005597 2.275613 1.733202
v -0.543809 2.271237 1.735369
v 0.552184 2.243107 1.799634
v 0.004444 2.250402 1.794432
v -0.544498 2.248225 1.795236
v 0.547764 2.220434 0.221351
v 0.000619 2.223434 0.219395
v -0.546447 2.227124 0.216994
v 0.548882 2.237183 0.268952
v 0.001656 2.242635 0.265401
v -0.545929 2.245081 0.263785
v 0.550880 2.253387 0.356543
v 0.003558 2.262741 0.350455
v -0.544800 2.263521 0.349886
v 0.557725 2.312702 0.701405
v 0.007110 2.323643 0.693621
v -0.542446 2.321626 0.694979
v 0.559138 2.334632 0.952561
v 0.006678 2.342701 0.946357
v -0.542969 2.340109 0.948011
v 0.559113 2.333406 1.219347
v 0.006463 2.340348 1.213542
v -0.543434 2.336329 1.215940
v 1.558177 2.204278 0.226965
v 1.481646 2.214170 0.224080
v 1.311637 2.218510 0.222426
v 1.560816 2.215007 0.275135
v 1.482938 2.226697 0.273355
v 1.312442 2.231926 0.272042
v 1.562616 2.221768 0.367513
v 1.484272 2.234649 0.365828
v 1.313671 2.240873 0.364253
v 1.567234 2.241735 0.738284
v 1.490164 2.261771 0.732319
v 1.320726 2.276277 0.725529
v 1.570434 2.256124 0.995396
v 1.493488 2.278495 0.987880
v 1.323966 2.294980 0.979648
v 1.570673 2.256740 1.261072
v 1.493699 2.279160 1.253602
v 1.324128 2.295622 1.245449
v -0.546951 2.035225 0.223915
v 0.000000 2.035225 0.223915
v 0.546951 2.035225 0.223915
v -0.546951 2.024793 0.275566
v 0.000000 2.024793 0.275566
v 0.546951 2.024793 0.275566
v -0.546952 2.020949 0.371090
v 0.000000 2.020949 0.371090
v 0.546951 2.020949 0.371090
v -0.546951 2.020400 0.754157
v 0.000000 2.020400 0.754157
v 0.546951 2.020400 0.754157
v -0.546952 2.020400 1.019762
v 0.000000 2.020400 1.019762
v 0.546951 2.020400 1.019762
v -0.546951 2.020400 1.285368
v 0.000000 2.020400 1.285368
v 0.546951 2.020400 1.285368
v -1.558026 2.048016 0.227375
v -1.481273 2.039059 0.225087
v -1.311030 2.035705 0.224062
v -1.560244 2.039059 0.276676
v -1.481975 2.029023 0.275952
v -1.311118 2.025321 0.275614
v -1.561239 2.035705 0.371229
v -1.482303 2.025321 0.371139
v -1.311159 2.021495 0.371096
v -1.561381 2.035225 0.754157
v -1.482350 2.024793 0.754157
v -1.311165 2.020949 0.754157
v -1.561381 2.035225 1.019762
v -1.482350 2.024793 1.019762
v -1.311165 2.020949 1.019762
v -1.561381 2.035225 1.285368
v -1.482350 2.024793 1.285368
v -1.311165 2.020949 1.285368
v 1.594637 2.092288 0.227521
v 1.598321 2.125826 0.226259
v 1.594637 2.159365 0.227521
v 1.600494 2.089047 0.276724
v 1.604659 2.125826 0.276338
v 1.600494 2.162605 0.276724
v 1.602688 2.087596 0.371235
v 1.607000 2.125826 0.371187
v 1.602688 2.164056 0.371235
v 1.603001 2.087389 0.754157
v 1.607334 2.125826 0.754157
v 1.603721 2.167305 0.752215
v 1.603001 2.087389 1.019762
v 1.607334 2.125826 1.019762
v 1.604251 2.169544 1.016391
v 1.603001 2.087389 1.285368
v 1.607334 2.125826 1.285368
v 1.604106 2.168920 1.282413
v 1.311030 2.035705 0.224061
v 1.481273 2.039059 0.225087
v 1.558026 2.048016 0.227375
v 1.311118 2.025321 0.275614
v 1.481975 2.029023 0.275952
v 1.560244 2.039059 0.276676
v 1.311159 2.021495 0.371096
v 1.482303 2.025321 0.371139
v 1.561239 2.035705 0.371229
v 1.311165 2.020949 0.754157
v 1.482350 2.024792 0.754157
v 1.561381 2.035225 0.754157
v 1.311165 2.020949 1.019762
v 1.482350 2.024793 1.019762
v 1.561381 2.035225 1.019762
v 1.311165 2.020949 1.285368
v 1.482350 2.024792 1.285368
v 1.561381 2.035225 1.285368
v -1.594637 2.092288 1.812004
v -1.598320 2.125826 1.813266
v -1.594566 2.161802 1.810425
v -1.600494 2.089047 1.762800
v -1.604659 2.125826 1.763186
v -1.600364 2.167057 1.759917
v -1.602688 2.087596 1.668290
v -1.606993 2.126063 1.668184
v -1.602447 2.172327 1.662932
v -1.603001 2.087389 1.285368
v -1.607193 2.130682 1.282222
v -1.602247 2.187738 1.270165
v -1.603001 2.087389 1.019762
v -1.607160 2.131799 1.015893
v -1.602120 2.190814 1.002569
v -1.603001 2.087389 0.754157
v -1.607231 2.129360 0.751867
v -1.602438 2.183576 0.741646
v -1.310796 2.223988 0.218854
v -1.481084 2.219076 0.220888
v -1.557875 2.208794 0.224034
v -1.310758 2.238179 0.267940
v -1.481689 2.232453 0.269589
v -1.560002 2.220930 0.271276
v -1.310381 2.250833 0.357711
v -1.481785 2.242856 0.360436
v -1.560826 2.230142 0.362035
v -1.308028 2.295750 0.712027
v -1.479789 2.282043 0.718454
v -1.559249 2.265047 0.722694
v -1.307763 2.312123 0.966774
v -1.479118 2.297843 0.973742
v -1.558326 2.280707 0.978167
v -1.308071 2.307406 1.235358
v -1.479335 2.293313 1.242250
v -1.558509 2.276164 1.246708
v 1.578449 0.869986 0.210580
v 1.578449 0.764560 0.210580
v 1.578572 0.870487 1.828658
v 1.578449 0.764560 1.828945
v -1.578396 0.871779 0.209418
v -1.578449 0.764560 0.210580
v -1.578292 0.875365 1.825460
v -1.578449 0.764560 1.828945
v 1.006082 0.746989 0.198668
v -1.006082 0.746989 0.198668
v 1.007800 0.894591 1.836795
v -1.005458 0.902189 1.831388
v -1.006082 0.746989 1.840857
v 1.006082 0.746989 1.840857
v -1.005908 0.893515 0.194808
v 1.006237 0.888214 0.198248
v -1.590003 0.746989 0.527957
v -1.590003 0.746989 1.511568
v 1.591575 0.894201 0.523715
v 1.593774 0.903056 1.502320
v -1.588741 0.918881 1.491293
v -1.589374 0.908221 0.514573
v 1.590003 0.746989 1.511567
v 1.590003 0.746989 0.527957
v -1.006082 0.711847 0.527957
v -1.006082 0.711847 1.511568
v 1.006082 0.711847 0.527957
v 1.006082 0.711847 1.511568
v 1.012650 0.955215 0.507257
v 1.017986 0.987133 1.472067
v -1.003402 0.972407 0.495811
v -1.003391 0.992724 1.465690
v -1.589755 0.747365 1.668242
v -1.588024 0.749999 1.762414
v -1.583752 0.756494 1.810561
v -1.310978 0.747365 0.198923
v -1.480852 0.749999 0.200708
v -1.556484 0.756494 0.205112
v 1.583505 0.848548 0.205367
v 1.586044 0.817273 0.202749
v 1.583505 0.785998 0.205367
v -1.583505 0.785998 1.834157
v -1.586044 0.817273 1.836776
v -1.583457 0.850188 1.833095
v 1.583505 0.848548 1.834157
v 1.586044 0.817273 1.836776
v 1.583505 0.785998 1.834157
v -1.583502 0.848651 0.205300
v -1.586044 0.817273 0.202749
v -1.583505 0.785998 0.205367
v -1.310652 0.897816 1.833714
v -1.480605 0.893025 1.833325
v -1.556287 0.884844 1.830013
v 1.592009 0.896401 1.662804
v 1.589226 0.889446 1.759556
v 1.584246 0.880059 1.809400
v 1.310978 0.747365 1.840602
v 1.480852 0.749999 1.838817
v 1.556484 0.756494 1.834413
v -1.589436 0.898158 0.364173
v -1.587853 0.890415 0.273309
v -1.583659 0.881241 0.226897
v 1.311056 0.887512 0.198711
v 1.480866 0.884605 0.200671
v 1.556484 0.878052 0.205112
v 1.589755 0.747365 0.371283
v 1.588023 0.749999 0.277110
v 1.583752 0.756494 0.228964
v 1.556484 0.756494 0.205112
v 1.480852 0.749999 0.200708
v 1.310978 0.747365 0.198923
v 0.546951 0.746989 0.198668
v 0.000000 0.746989 0.198668
v -0.546951 0.746989 0.198668
v 1.556901 0.879738 1.833446
v 1.481715 0.888041 1.836814
v 1.312309 0.892574 1.837502
v 0.548877 0.896881 1.835297
v 0.001710 0.902197 1.831660
v -0.545935 0.904782 1.829730
v -1.556484 0.756494 1.834413
v -1.480852 0.749999 1.838817
v -1.310978 0.747365 1.840602
v -0.546951 0.746989 1.840857
v 0.000000 0.746989 1.840857
v 0.546951 0.746989 1.840857
v -1.556409 0.880647 0.203431
v -1.480747 0.888164 0.198365
v -1.310836 0.892048 0.195770
v -0.546796 0.892643 0.195374
v 0.000061 0.889076 0.197684
v 0.547057 0.888004 0.198382
v -1.006045 0.856991 0.184436
v -1.006082 0.817273 0.180799
v -1.006082 0.778836 0.185266
v 1.006082 0.855710 0.185266
v 1.006082 0.817273 0.180799
v 1.006082 0.778836 0.185266
v -1.006082 0.712396 1.668434
v -1.006082 0.716239 1.763959
v -1.006082 0.726672 1.815610
v 1.006082 0.712396 1.668434
v 1.006082 0.716239 1.763959
v 1.006082 0.726672 1.815610
v 1.006085 0.855721 1.854252
v 1.006082 0.817273 1.858726
v 1.006082 0.778836 1.854259
v -1.005949 0.860276 1.851301
v -1.006082 0.817273 1.858726
v -1.006082 0.778836 1.854259
v 1.015290 0.968028 1.640891
v 1.013003 0.950220 1.745132
v 1.010638 0.927683 1.804068
v -1.003703 0.970954 1.636676
v -1.004148 0.952814 1.741621
v -1.004751 0.932611 1.799613
v -1.583752 0.756494 0.228963
v -1.588024 0.749999 0.277110
v -1.589755 0.747365 0.371283
v -1.590003 0.746989 0.754157
v -1.590003 0.746989 1.019762
v -1.590003 0.746989 1.285368
v 1.583752 0.878052 0.228963
v 1.588136 0.885024 0.276806
v 1.590309 0.889521 0.369789
v 1.593270 0.901331 0.745413
v 1.595222 0.909627 1.006112
v 1.595349 0.909880 1.271847
v -1.583531 0.885651 1.805638
v -1.587696 0.895786 1.755134
v -1.589176 0.905141 1.656610
v -1.587787 0.935839 1.254129
v -1.587584 0.940388 0.985580
v -1.588460 0.926170 0.729164
v 1.583752 0.756494 1.810561
v 1.588024 0.749999 1.762414
v 1.589755 0.747365 1.668241
v 1.590003 0.746989 1.285368
v 1.590003 0.746989 1.019762
v 1.590003 0.746989 0.754157
v -1.006082 0.726672 0.223915
v -1.006082 0.716239 0.275566
v -1.006082 0.712396 0.371090
v -1.006082 0.711847 0.754157
v -1.006082 0.711847 1.019762
v -1.006082 0.711847 1.285368
v 1.006082 0.726672 0.223915
v 1.006082 0.716239 0.275566
v 1.006082 0.712396 0.371090
v 1.006082 0.711847 0.754157
v 1.006082 0.711847 1.019762
v 1.006082 0.711847 1.285368
v 1.006886 0.911270 0.221747
v 1.007756 0.925616 0.270897
v 1.009362 0.937542 0.361246
v 1.017195 0.983058 0.715799
v 1.020195 1.005271 0.967293
v 1.020211 1.004895 1.233777
v -1.005767 0.917686 0.217560
v -1.005448 0.933973 0.265426
v -1.004759 0.949559 0.353359
v -1.002461 1.001137 0.703119
v -1.002617 1.018832 0.956806
v -1.003109 1.013842 1.225482
v -0.543007 0.982025 0.489492
v 0.005985 0.982519 0.489138
v 0.554351 0.970104 0.497475
v -0.543354 1.007067 1.456098
v 0.006780 1.012926 1.452779
v 0.557981 1.005098 1.459320
v 1.316213 0.944966 0.513442
v 1.486236 0.935003 0.517317
v 1.564272 0.920088 0.520159
v 1.321825 0.972609 1.481224
v 1.491396 0.957861 1.488057
v 1.568368 0.937065 1.494299
v 0.546951 0.711847 0.527957
v 0.000000 0.711847 0.527957
v -0.546952 0.711847 0.527957
v 0.546951 0.711847 1.511567
v 0.000000 0.711847 1.511568
v -0.546952 0.711847 1.511567
v -1.311165 0.712396 0.527957
v -1.482350 0.716239 0.527957
v -1.561381 0.726672 0.527957
v -1.311165 0.712396 1.511567
v -1.482350 0.716239 1.511568
v -1.561381 0.726672 1.511567
v 1.603127 0.856240 0.527619
v 1.607334 0.817273 0.527957
v 1.603001 0.778836 0.527957
v 1.603502 0.857816 1.510236
v 1.607334 0.817273 1.511567
v 1.603001 0.778836 1.511567
v 1.561381 0.726672 0.527957
v 1.482350 0.716239 0.527957
v 1.311165 0.712396 0.527957
v 1.561381 0.726672 1.511567
v 1.482350 0.716239 1.511568
v 1.311165 0.712396 1.511567
v -1.602571 0.870494 1.501991
v -1.607279 0.819166 1.510341
v -1.603002 0.778836 1.511567
v -1.602700 0.866045 0.521262
v -1.607316 0.817901 0.527550
v -1.603002 0.778836 0.527957
v -1.560420 0.934936 0.510435
v -1.481090 0.950037 0.507418
v -1.309387 0.961098 0.502757
v -1.559491 0.948997 1.484961
v -1.480031 0.966053 1.480665
v -1.308533 0.979238 1.474469
v -1.309217 0.959551 1.643874
v -1.480947 0.947785 1.648970
v -1.560253 0.932198 1.652241
v -1.309913 0.943089 1.747536
v -1.481220 0.933350 1.751096
v -1.559734 0.919519 1.752825
v -1.310306 0.924975 1.804085
v -1.480845 0.917207 1.805911
v -1.557716 0.905707 1.805269
v -1.311024 0.779043 1.853935
v -1.311071 0.817273 1.858381
v -1.310919 0.859128 1.851587
v -1.481227 0.780494 1.851673
v -1.481601 0.817273 1.855968
v -1.481152 0.856622 1.850009
v -1.557884 0.783735 1.845635
v -1.559108 0.817273 1.849433
v -1.557831 0.852638 1.844451
v -1.602688 0.779043 0.371235
v -1.607000 0.817273 0.371187
v -1.602563 0.859807 0.368447
v -1.600494 0.780494 0.276724
v -1.604660 0.817273 0.276338
v -1.600451 0.855527 0.275769
v -1.594637 0.783735 0.227521
v -1.598321 0.817273 0.226259
v -1.594625 0.851197 0.227271
v 1.311159 0.712942 1.668428
v 1.482303 0.716768 1.668386
v 1.561239 0.727151 1.668296
v 1.311118 0.716768 1.763910
v 1.481975 0.720469 1.763573
v 1.560245 0.730505 1.762849
v 1.311030 0.727151 1.815463
v 1.481273 0.730505 1.814438
v 1.558026 0.739462 1.812150
v 1.602688 0.779043 1.668290
v 1.607000 0.817273 1.668338
v 1.602782 0.855902 1.668035
v 1.600494 0.780494 1.762800
v 1.604660 0.817273 1.763186
v 1.600494 0.854052 1.762800
v 1.594637 0.783735 1.812004
v 1.598321 0.817273 1.813266
v 1.594637 0.850811 1.812004
v 1.311024 0.779043 0.185589
v 1.311071 0.817273 0.181144
v 1.311024 0.855503 0.185589
v 1.481227 0.780494 0.187851
v 1.481601 0.817273 0.183556
v 1.481226 0.854052 0.187851
v 1.557884 0.783735 0.193890
v 1.559108 0.817273 0.190092
v 1.557884 0.850811 0.193890
v -1.557884 0.783735 0.193890
v -1.559108 0.817273 0.190092
v -1.557879 0.850954 0.193797
v -1.481227 0.780494 0.187851
v -1.481601 0.817273 0.183557
v -1.481215 0.854431 0.187606
v -1.311024 0.779043 0.185589
v -1.311071 0.817273 0.181144
v -1.311001 0.856323 0.185058
v -0.546951 0.778836 0.185266
v -0.546951 0.817273 0.180799
v -0.546926 0.856577 0.184704
v 0.000000 0.778836 0.185266
v 0.000000 0.817273 0.180799
v 0.000000 0.855710 0.185266
v 0.546951 0.778836 0.185266
v 0.546951 0.817273 0.180799
v 0.546951 0.855710 0.185266
v -1.561239 0.727151 1.668296
v -1.482303 0.716768 1.668386
v -1.311159 0.712942 1.668428
v -1.560245 0.730505 1.762849
v -1.481976 0.720469 1.763573
v -1.311118 0.716768 1.763910
v -1.558026 0.739462 1.812150
v -1.481274 0.730505 1.814438
v -1.311031 0.727151 1.815463
v -0.546952 0.712396 1.668435
v 0.000000 0.712396 1.668434
v 0.546951 0.712396 1.668435
v -0.546951 0.716239 1.763959
v 0.000000 0.716239 1.763959
v 0.546951 0.716239 1.763959
v -0.546951 0.726672 1.815610
v 0.000000 0.726672 1.815610
v 0.546951 0.726672 1.815610
v 1.557884 0.783735 1.845635
v 1.559108 0.817273 1.849433
v 1.557884 0.850811 1.845635
v 1.481227 0.780494 1.851673
v 1.481601 0.817273 1.855968
v 1.481227 0.854052 1.851673
v 1.311024 0.779043 1.853935
v 1.311071 0.817273 1.858381
v 1.311025 0.855503 1.853935
v 0.546951 0.778836 1.854259
v 0.546951 0.817273 1.858726
v 0.546951 0.855710 1.854259
v 0.000000 0.778836 1.854259
v 0.000000 0.817273 1.858726
v 0.000021 0.856432 1.853791
v -0.546951 0.778836 1.854259
v -0.546951 0.817273 1.858726
v -0.546843 0.859437 1.851844
v 1.565829 0.926105 1.657388
v 1.488641 0.944090 1.653042
v 1.319044 0.956361 1.647962
v 1.563210 0.916080 1.755895
v 1.486220 0.931305 1.753647
v 1.316666 0.940963 1.750478
v 1.559672 0.901753 1.808318
v 1.483875 0.914572 1.808399
v 1.314479 0.921412 1.807415
v 0.556059 0.981078 1.631904
v 0.006423 0.989288 1.625416
v -0.543393 0.983591 1.628464
v 0.554193 0.959490 1.738914
v 0.005597 0.967060 1.733202
v -0.543809 0.962684 1.735369
v 0.552184 0.934554 1.799634
v 0.004444 0.941849 1.794432
v -0.544498 0.939672 1.795236
v 0.547765 0.911881 0.221351
v 0.000619 0.914881 0.219395
v -0.546447 0.918571 0.216994
v 0.548882 0.928629 0.268952
v 0.001656 0.934082 0.265401
v -0.545929 0.936528 0.263785
v 0.550880 0.944834 0.356542
v 0.003558 0.954188 0.350455
v -0.544800 0.954968 0.349885
v 0.557725 1.004148 0.701405
v 0.007110 1.015090 0.693621
v -0.542446 1.013072 0.694979
v 0.559138 1.026079 0.952561
v 0.006678 1.034148 0.946357
v -0.542969 1.031556 0.948011
v 0.559113 1.024853 1.219347
v 0.006463 1.031794 1.213542
v -0.543435 1.027776 1.215940
v 1.558177 0.895724 0.226965
v 1.481647 0.905617 0.224080
v 1.311637 0.909956 0.222426
v 1.560816 0.906454 0.275135
v 1.482938 0.918144 0.273355
v 1.312442 0.923373 0.272042
v 1.562617 0.913215 0.367513
v 1.484272 0.926095 0.365828
v 1.313671 0.932320 0.364253
v 1.567234 0.933182 0.738284
v 1.490164 0.953218 0.732319
v 1.320727 0.967723 0.725529
v 1.570434 0.947571 0.995396
v 1.493488 0.969941 0.987880
v 1.323966 0.986427 0.979648
v 1.570673 0.948186 1.261072
v 1.493699 0.970607 1.253602
v 1.324128 0.987069 1.245449
v -0.546951 0.726672 0.223915
v 0.000000 0.726672 0.223915
v 0.546951 0.726672 0.223915
v -0.546952 0.716239 0.275566
v 0.000000 0.716239 0.275566
v 0.546951 0.716239 0.275566
v -0.546952 0.712396 0.371090
v 0.000000 0.712396 0.371090
v 0.546951 0.712396 0.371090
v -0.546951 0.711847 0.754157
v 0.000000 0.711847 0.754157
v 0.546951 0.711847 0.754157
v -0.546952 0.711847 1.019762
v 0.000000 0.711847 1.019762
v 0.546951 0.711847 1.019762
v -0.546951 0.711847 1.285368
v 0.000000 0.711847 1.285368
v 0.546951 0.711847 1.285368
v -1.558026 0.739462 0.227375
v -1.481274 0.730505 0.225087
v -1.311030 0.727151 0.224061
v -1.560245 0.730505 0.276676
v -1.481976 0.720469 0.275952
v -1.311118 0.716768 0.275614
v -1.561239 0.727151 0.371229
v -1.482303 0.716768 0.371139
v -1.311159 0.712942 0.371096
v -1.561382 0.726672 0.754157
v -1.482350 0.716239 0.754157
v -1.311165 0.712396 0.754157
v -1.561382 0.726672 1.019762
v -1.482350 0.716239 1.019762
v -1.311165 0.712396 1.019762
v -1.561381 0.726672 1.285368
v -1.482350 0.716239 1.285368
v -1.311165 0.712396 1.285368
v 1.594637 0.783735 0.227521
v 1.598321 0.817273 0.226259
v 1.594637 0.850811 0.227521
v 1.600494 0.780494 0.276724
v 1.604659 0.817273 0.276338
v 1.600494 0.854052 0.276724
v 1.602688 0.779043 0.371235
v 1.607000 0.817273 0.371187
v 1.602688 0.855503 0.371235
v 1.603001 0.778836 0.754157
v 1.607334 0.817273 0.754157
v 1.603721 0.858752 0.752215
v 1.603001 0.778836 1.019762
v 1.607334 0.817273 1.019762
v 1.604251 0.860991 1.016391
v 1.603001 0.778836 1.285368
v 1.607334 0.817273 1.285368
v 1.604107 0.860367 1.282413
v 1.311030 0.727151 0.224061
v 1.481273 0.730505 0.225087
v 1.558026 0.739462 0.227374
v 1.311118 0.716768 0.275614
v 1.481976 0.720469 0.275952
v 1.560245 0.730505 0.276676
v 1.311159 0.712942 0.371096
v 1.482303 0.716768 0.371139
v 1.561239 0.727151 0.371229
v 1.311165 0.712396 0.754157
v 1.482350 0.716239 0.754157
v 1.561381 0.726672 0.754157
v 1.311165 0.712396 1.019762
v 1.482350 0.716239 1.019762
v 1.561381 0.726672 1.019762
v 1.311165 0.712396 1.285368
v 1.482350 0.716239 1.285368
v 1.561381 0.726672 1.285368
v -1.594637 0.783735 1.812004
v -1.598321 0.817273 1.813266
v -1.594566 0.853249 1.810425
v -1.600494 0.780494 1.762800
v -1.604659 0.817273 1.763186
v -1.600364 0.858504 1.759917
v -1.602688 0.779043 1.668290
v -1.606993 0.817510 1.668184
v -1.602447 0.863774 1.662932
v -1.603002 0.778836 1.285368
v -1.607193 0.822129 1.282222
v -1.602247 0.879185 1.270165
v -1.603001 0.778836 1.019762
v -1.607160 0.823246 1.015893
v -1.602121 0.882261 1.002569
v -1.603002 0.778836 0.754157
v -1.607231 0.820807 0.751867
v -1.602438 0.875023 0.741646
v -1.310796 0.915434 0.218854
v -1.481085 0.910523 0.220888
v -1.557876 0.900241 0.224034
v -1.310758 0.929626 0.267940
v -1.481689 0.923900 0.269589
v -1.560002 0.912376 0.271276
v -1.310381 0.942280 0.357711
v -1.481785 0.934302 0.360436
v -1.560826 0.921588 0.362035
v -1.308028 0.987196 0.712027
v -1.479789 0.973489 0.718454
v -1.559250 0.956494 0.722694
v -1.307763 1.003570 0.966774
v -1.479118 0.989290 0.973742
v -1.558326 0.972154 0.978167
v -1.308071 0.998853 1.235358
v -1.479335 0.984759 1.242250
v -1.558509 0.967610 1.246708
v 0.724490 0.993050 1.705923
v 0.724490 1.094023 1.705923
v 0.724490 0.993050 0.395463
v 0.724490 1.094023 0.395463
v 1.577922 0.993050 1.705923
v 1.577922 1.094023 1.705923
v 1.577922 0.993050 0.395463
v 1.577922 1.094023 0.395463
v 0.711499 0.976222 0.700101
v 0.711499 0.976222 1.401285
v 0.711499 1.110851 1.401285
v 0.711499 1.110851 0.700101
v 1.590912 0.976222 1.401285
v 1.590912 0.976222 0.700101
v 1.590913 1.110851 0.700101
v 1.590913 1.110851 1.401285
v 1.383720 0.976222 0.373905
v 0.918691 0.976222 0.373905
v 0.918691 1.110851 0.373905
v 1.383720 1.110851 0.373905
v 0.918691 0.976222 1.727481
v 1.383720 0.976222 1.727481
v 1.383720 1.110851 1.727481
v 0.918691 1.110851 1.727480
v 0.918691 1.144509 0.700101
v 1.383720 1.144509 0.700101
v 0.918691 1.144509 1.401285
v 1.383720 1.144509 1.401285
v 1.383720 0.942564 0.700101
v 0.918691 0.942564 0.700101
v 1.383720 0.942564 1.401285
v 0.918691 0.942564 1.401285
v 0.713724 0.979104 1.619240
v 0.715950 1.043536 1.720095
v 0.713724 1.107969 0.482146
v 0.715950 1.043536 0.381291
v 0.778054 0.979104 0.377598
v 1.524358 1.107969 0.377598
v 1.586462 1.043536 0.381291
v 1.588687 0.979104 0.482146
v 1.588687 1.107969 1.619240
v 1.586462 1.043536 1.720095
v 1.524358 0.979104 1.723788
v 0.778054 1.107969 1.723788
v 0.713724 0.979104 0.482146
v 0.711499 0.976222 1.050693
v 0.713724 1.107969 1.619240
v 0.711499 1.110851 1.050693
v 1.588687 0.979104 1.619240
v 1.590912 0.976222 1.050693
v 1.588687 1.107969 0.482146
v 1.590912 1.110851 1.050693
v 1.526042 1.140301 0.700101
v 1.526042 1.140301 1.401285
v 0.776370 0.946771 0.700101
v 0.776370 0.946771 1.401285
v 1.610399 1.043536 0.700101
v 1.610399 1.043536 1.401285
v 0.692013 1.043536 1.401285
v 0.692013 1.043536 0.700101
v 1.524358 0.979104 0.377598
v 1.151206 0.976222 0.373905
v 0.778054 1.107969 0.377598
v 1.151206 1.110851 0.373905
v 0.778054 0.979104 1.723788
v 1.151206 0.976222 1.727480
v 1.524358 1.107969 1.723788
v 1.151206 1.110851 1.727480
v 0.776370 1.140301 0.700101
v 1.151206 1.144509 0.700101
v 0.776370 1.140301 1.401285
v 1.151206 1.144509 1.401285
v 1.526042 0.946771 0.700101
v 1.151206 0.942564 0.700101
v 1.526042 0.946771 1.401285
v 1.151206 0.942564 1.401285
v 0.918691 0.942564 1.050693
v 1.383720 0.942564 1.050693
v 0.918691 0.946771 0.479351
v 1.383720 0.946771 0.479351
v 1.383720 1.144509 1.050693
v 0.918691 1.144509 1.050693
v 1.383720 1.140301 0.479351
v 0.918691 1.140301 0.479351
v 1.383720 1.140301 1.622035
v 0.918691 1.140301 1.622035
v 0.918691 0.946771 1.622035
v 1.383720 0.946771 1.622035
v 1.383720 1.043536 1.759816
v 0.918691 1.043536 1.759816
v 0.918691 1.043536 0.341570
v 1.383720 1.043536 0.341570
v 0.695020 1.043536 0.480749
v 1.525199 1.043536 0.346560
v 1.607391 1.043536 1.620637
v 0.777212 1.043536 1.754826
v 1.525620 0.950823 1.621336
v 0.776791 1.136250 1.621336
v 0.776791 1.136250 0.480050
v 0.776370 1.140301 1.050693
v 1.525620 0.950823 0.480050
v 1.526042 0.946771 1.050693
v 1.607391 1.043536 0.480749
v 1.610399 1.043536 1.050693
v 0.695020 1.043536 1.620637
v 0.692013 1.043536 1.050693
v 0.776370 0.946771 1.050693
v 1.151206 0.942564 1.050693
v 0.776791 0.950823 0.480050
v 1.151206 0.946771 0.479351
v 1.526042 1.140301 1.050693
v 1.151206 1.144509 1.050693
v 1.525620 1.136250 0.480050
v 1.151206 1.140301 0.479351
v 1.525620 1.136250 1.621336
v 1.151206 1.140301 1.622035
v 0.776791 0.950823 1.621336
v 1.151206 0.946771 1.622035
v 1.525199 1.043536 1.754826
v 1.151206 1.043536 1.759816
v 0.777212 1.043536 0.346560
v 1.151206 1.043536 0.341570
v 0.724490 2.325641 1.705923
v 0.724490 2.426613 1.705923
v 0.724490 2.325641 0.395463
v 0.724490 2.426613 0.395463
v 1.577922 2.325641 1.705923
v 1.577922 2.426613 1.705923
v 1.577922 2.325641 0.395463
v 1.577922 2.426613 0.395463
v 0.711499 2.308812 0.700101
v 0.711499 2.308812 1.401285
v 0.711499 2.443442 1.401285
v 0.711499 2.443442 0.700101
v 1.590912 2.308812 1.401285
v 1.590912 2.308812 0.700101
v 1.590913 2.443442 0.700101
v 1.590913 2.443442 1.401285
v 1.383720 2.308812 0.373905
v 0.918691 2.308812 0.373905
v 0.918691 2.443442 0.373905
v 1.383720 2.443442 0.373905
v 0.918691 2.308812 1.727481
v 1.383720 2.308812 1.727481
v 1.383720 2.443442 1.727481
v 0.918691 2.443442 1.727480
v 0.918691 2.477099 0.700101
v 1.383720 2.477099 0.700101
v 0.918691 2.477099 1.401285
v 1.383720 2.477099 1.401285
v 1.383720 2.275155 0.700101
v 0.918691 2.275155 0.700101
v 1.383720 2.275155 1.401285
v 0.918691 2.275155 1.401285
v 0.713724 2.311695 1.619240
v 0.715950 2.376127 1.720095
v 0.713724 2.440559 0.482146
v 0.715950 2.376127 0.381291
v 0.778054 2.311695 0.377598
v 1.524358 2.440559 0.377598
v 1.586462 2.376127 0.381291
v 1.588687 2.311695 0.482146
v 1.588687 2.440559 1.619240
v 1.586462 2.376127 1.720095
v 1.524358 2.311695 1.723788
v 0.778054 2.440559 1.723788
v 0.713724 2.311695 0.482146
v 0.711499 2.308812 1.050693
v 0.713724 2.440559 1.619240
v 0.711499 2.443442 1.050693
v 1.588687 2.311695 1.619240
v 1.590912 2.308812 1.050693
v 1.588687 2.440559 0.482146
v 1.590912 2.443442 1.050693
v 1.526042 2.472892 0.700101
v 1.526042 2.472892 1.401285
v 0.776370 2.279362 0.700101
v 0.776370 2.279362 1.401285
v 1.610399 2.376127 0.700101
v 1.610399 2.376127 1.401285
v 0.692013 2.376127 1.401285
v 0.692013 2.376127 0.700101
v 1.524358 2.311695 0.377598
v 1.151206 2.308812 0.373905
v 0.778054 2.440559 0.377598
v 1.151206 2.443442 0.373905
v 0.778054 2.311695 1.723788
v 1.151206 2.308812 1.727480
v 1.524358 2.440559 1.723788
v 1.151206 2.443442 1.727480
v 0.776370 2.472892 0.700101
v 1.151206 2.477099 0.700101
v 0.776370 2.472892 1.401285
v 1.151206 2.477099 1.401285
v 1.526042 2.279362 0.700101
v 1.151206 2.275155 0.700101
v 1.526042 2.279362 1.401285
v 1.151206 2.275155 1.401285
v 0.918691 2.275155 1.050693
v 1.383720 2.275155 1.050693
v 0.918691 2.279362 0.479351
v 1.383720 2.279362 0.479351
v 1.383720 2.477099 1.050693
v 0.918691 2.477099 1.050693
v 1.383720 2.472892 0.479351
v 0.918691 2.472892 0.479351
v 1.383720 2.472892 1.622035
v 0.918691 2.472892 1.622035
v 0.918691 2.279362 1.622035
v 1.383720 2.279362 1.622035
v 1.383720 2.376127 1.759816
v 0.918691 2.376127 1.759816
v 0.918691 2.376127 0.341570
v 1.383720 2.376127 0.341570
v 0.695020 2.376127 0.480749
v 1.525199 2.376127 0.346560
v 1.607391 2.376127 1.620637
v 0.777212 2.376127 1.754826
v 1.525620 2.283413 1.621336
v 0.776791 2.468841 1.621336
v 0.776791 2.468841 0.480050
v 0.776370 2.472892 1.050693
v 1.525620 2.283413 0.480050
v 1.526042 2.279362 1.050693
v 1.607391 2.376127 0.480749
v 1.610399 2.376127 1.050693
v 0.695020 2.376127 1.620637
v 0.692013 2.376127 1.050693
v 0.776370 2.279362 1.050693
v 1.151206 2.275155 1.050693
v 0.776791 2.283413 0.480050
v 1.151206 2.279362 0.479351
v 1.526042 2.472892 1.050693
v 1.151206 2.477099 1.050693
v 1.525620 2.468841 0.480050
v 1.151206 2.472892 0.479351
v 1.525620 2.468841 1.621336
v 1.151206 2.472892 1.622035
v 0.776791 2.283413 1.621336
v 1.151206 2.279362 1.622035
v 1.525199 2.376127 1.754826
v 1.151206 2.376127 1.759816
v 0.777212 2.376127 0.346560
v 1.151206 2.376127 0.341570
v 1.951189 0.022037 0.019762
v 1.701635 0.022037 0.019762
v 1.951189 0.022037 2.019763
v 1.701635 0.022037 2.019763
v 1.951189 4.455491 0.019762
v 1.701635 4.455491 0.019762
v 1.951189 4.455491 2.019763
v 1.701635 4.455491 2.019763
v -1.688401 0.022038 0.019762
v -1.937954 0.022038 0.019762
v -1.688401 0.022038 2.019762
v -1.937954 0.022038 2.019762
v -1.688401 4.455491 0.019762
v -1.937954 4.455491 0.019762
v -1.688401 4.455491 2.019762
v -1.937954 4.455491 2.019762
v 1.703818 3.347149 0.019762
v 1.703818 3.097595 0.019762
v 1.703818 3.347149 2.019762
v 1.703818 3.097595 2.019762
v -1.703819 3.347149 0.019762
v -1.703819 3.097595 0.019762
v -1.703819 3.347149 2.019762
v -1.703819 3.097595 2.019762
v 1.703818 0.707547 0.019762
v 1.703818 0.044055 0.019762
v 1.703818 0.707547 2.019762
v 1.703818 0.044055 2.019762
v -1.703819 0.707547 0.019762
v -1.703819 0.044056 0.019762
v -1.703819 0.707547 2.019762
v -1.703819 0.044056 2.019762
v 1.703818 2.029566 0.019762
v 1.703818 1.780012 0.019762
v 1.703818 2.029566 2.019762
v 1.703818 1.780012 2.019762
v -1.703819 2.029565 0.019762
v -1.703819 1.780012 0.019762
v -1.703819 2.029565 2.019762
v -1.703819 1.780012 2.019762
v -1.685260 0.829839 1.866238
v 1.685259 0.829839 1.866238
v -1.685260 0.779699 1.887006
v 1.685259 0.779700 1.887006
v -1.685260 0.758931 1.937145
v 1.685259 0.758932 1.937145
v -1.685260 0.779699 1.987285
v 1.685259 0.779700 1.987285
v -1.685260 0.829839 2.008053
v 1.685259 0.829839 2.008053
v -1.685260 0.879978 1.987285
v 1.685259 0.879979 1.987285
v -1.685260 0.900747 1.937145
v 1.685259 0.900747 1.937145
v -1.685260 0.879978 1.887006
v 1.685259 0.879979 1.887006
v -1.685260 2.134178 1.866238
v 1.685259 2.134178 1.866238
v -1.685260 2.084038 1.887006
v 1.685259 2.084039 1.887006
v -1.685260 2.063270 1.937145
v 1.685259 2.063270 1.937145
v -1.685260 2.084038 1.987285
v 1.685259 2.084039 1.987285
v -1.685260 2.134178 2.008053
v 1.685259 2.134178 2.008053
v -1.685260 2.184317 1.987285
v 1.685259 2.184318 1.987285
v -1.685260 2.205085 1.937145
v 1.685259 2.205086 1.937145
v -1.685260 2.184317 1.887006
v 1.685259 2.184318 1.887006
v -1.685260 3.451761 1.866238
v 1.685259 3.451762 1.866238
v -1.685260 3.401621 1.887006
v 1.685259 3.401622 1.887006
v -1.685260 3.380853 1.937145
v 1.685259 3.380854 1.937145
v -1.685260 3.401621 1.987285
v 1.685259 3.401622 1.987285
v -1.685260 3.451761 2.008053
v 1.685259 3.451762 2.008053
v -1.685260 3.501900 1.987285
v 1.685259 3.501901 1.987285
v -1.685260 3.522669 1.937145
v 1.685259 3.522670 1.937145
v -1.685260 3.501900 1.887006
v 1.685259 3.501901 1.887006
vn -0.9603 -0.2785 -0.0133
vn -0.9603 0.2785 -0.0133
vn -0.9512 0.2500 -0.1807
vn -0.9512 -0.2500 -0.1807
vn 0.0321 -0.4334 -0.9006
vn 0.0321 0.4334 -0.9006
vn 0.4242 0.3613 -0.8304
vn 0.4242 -0.3613 -0.8304
vn 0.9603 -0.2785 0.0133
vn 0.9603 0.2785 0.0133
vn 0.9512 0.2500 0.1807
vn 0.9512 -0.2500 0.1807
vn -0.0321 -0.4334 0.9006
vn -0.0321 0.4334 0.9006
vn -0.4242 0.3613 0.8304
vn -0.4242 -0.3613 0.8304
vn 0.0291 -0.9994 0.0188
vn 0.4115 -0.9113 0.0169
vn 0.3655 -0.9032 0.2249
vn 0.0278 -0.9631 0.2676
vn -0.0291 0.9994 0.0188
vn -0.4115 0.9113 0.0169
vn -0.3655 0.9032 0.2249
vn -0.0278 0.9631 0.2676
vn -0.0278 0.9631 -0.2676
vn -0.3655 0.9032 -0.2249
vn -0.4115 0.9113 -0.0169
vn -0.0291 0.9994 -0.0188
vn -0.0295 0.9996 -0.0000
vn -0.4134 0.9106 -0.0000
vn 0.0278 -0.9631 -0.2676
vn 0.3655 -0.9032 -0.2249
vn 0.4115 -0.9113 -0.0169
vn 0.0291 -0.9994 -0.0188
vn 0.0295 -0.9996 -0.0000
vn 0.4134 -0.9106 -0.0000
vn 0.9512 -0.2500 -0.1807
vn 0.9512 0.2500 -0.1807
vn 0.9603 0.2785 -0.0133
vn 0.9603 -0.2785 -0.0133
vn 0.9606 -0.2781 -0.0000
vn 0.9606 0.2781 -0.0000
vn -0.9512 -0.2500 0.1807
vn -0.9512 0.2500 0.1807
vn -0.9603 0.2785 0.0133
vn -0.9603 -0.2785 0.0133
vn -0.9606 -0.2781 -0.0000
vn -0.9606 0.2781 -0.0000
vn -0.4134 -0.9106 -0.0000
vn -0.0295 -0.9996 -0.0000
vn -0.0000 -1.0000 -0.0000
vn -0.3655 -0.9032 -0.2249
vn -0.0278 -0.9631 -0.2676
vn -0.0291 -0.9994 -0.0188
vn -0.4115 -0.9113 -0.0169
vn -0.0000 -0.9631 -0.2690
vn -0.0000 -0.9998 -0.0191
vn 0.4134 0.9106 -0.0000
vn 0.0295 0.9996 -0.0000
vn -0.0000 1.0000 -0.0000
vn 0.3655 0.9032 -0.2249
vn 0.0278 0.9631 -0.2676
vn 0.0291 0.9994 -0.0188
vn 0.4115 0.9113 -0.0169
vn -0.0000 0.9631 -0.2690
vn -0.0000 0.9998 -0.0191
vn 0.4115 0.9113 0.0169
vn 0.0291 0.9994 0.0188
vn 0.0278 0.9631 0.2676
vn 0.3655 0.9032 0.2249
vn -0.0000 0.9998 0.0191
vn -0.0000 0.9631 0.2690
vn -0.4115 -0.9113 0.0169
vn -0.0291 -0.9994 0.0188
vn -0.0278 -0.9631 0.2676
vn -0.3655 -0.9032 0.2249
vn -0.0000 -0.9998 0.0191
vn -0.0000 -0.9631 0.2690
vn 0.4242 -0.3613 0.8304
vn 0.4242 0.3613 0.8304
vn 0.0321 0.4334 0.9006
vn 0.0321 -0.4334 0.9006
vn -0.0000 -0.4330 0.9014
vn -0.0000 0.4330 0.9014
vn -0.4242 -0.3613 -0.8304
vn -0.4242 0.3613 -0.8304
vn -0.0321 0.4334 -0.9006
vn -0.0321 -0.4334 -0.9006
vn -0.0000 -0.4330 -0.9014
vn -0.0000 0.4330 -0.9014
vn -0.0582 0.9873 0.1480
vn -0.1777 0.9754 0.1307
vn -0.0443 0.9549 0.2937
vn -0.1531 0.9509 0.2690
vn -0.0373 0.9920 0.1207
vn -0.0684 0.9915 0.1111
vn -0.1957 0.9754 0.1009
vn -0.6936 0.7176 0.0634
vn -0.6575 0.7482 0.0894
vn -0.6103 0.7627 0.2141
vn -0.4728 0.6875 0.5512
vn -0.1137 0.7501 0.6515
vn -0.0246 0.7431 0.6688
vn -0.0067 0.7295 0.6840
vn -0.0215 0.9482 0.3170
vn -0.0306 0.9861 0.1634
vn -0.0141 -0.1158 0.9932
vn -0.0127 0.1552 0.9878
vn -0.0832 -0.1158 0.9898
vn -0.0811 0.1462 0.9859
vn -0.0012 -0.3879 0.9217
vn -0.0011 -0.1155 0.9933
vn -0.0004 0.1653 0.9862
vn -0.0000 0.4245 0.9054
vn -0.0142 0.4181 0.9083
vn -0.0858 0.4138 0.9063
vn -0.3764 0.3706 0.8491
vn -0.4169 0.1376 0.8985
vn -0.4186 -0.1135 0.9010
vn -0.3802 -0.3407 0.8599
vn -0.0876 -0.3857 0.9184
vn -0.0156 -0.3882 0.9214
vn -0.9934 -0.1124 -0.0246
vn -0.9941 0.1053 -0.0260
vn -0.9857 -0.1130 -0.1248
vn -0.9860 0.1087 -0.1265
vn -0.9258 -0.3779 -0.0024
vn -0.9938 -0.1109 -0.0018
vn -0.9951 0.0990 -0.0037
vn -0.9506 0.3100 -0.0169
vn -0.9439 0.3278 -0.0405
vn -0.9320 0.3319 -0.1456
vn -0.8502 0.2880 -0.4408
vn -0.8814 0.1093 -0.4596
vn -0.8820 -0.1121 -0.4577
vn -0.8410 -0.3336 -0.4260
vn -0.9173 -0.3753 -0.1330
vn -0.9253 -0.3783 -0.0274
vn 0.0220 -0.9990 0.0395
vn 0.1289 -0.9909 0.0377
vn 0.0211 -0.9804 0.1956
vn 0.1230 -0.9744 0.1883
vn 0.0018 -1.0000 0.0035
vn 0.0224 -0.9997 0.0034
vn 0.1306 -0.9914 0.0033
vn 0.5786 -0.8156 0.0029
vn 0.5762 -0.8166 0.0342
vn 0.5603 -0.8115 0.1660
vn 0.4565 -0.7206 0.5218
vn 0.1062 -0.7807 0.6158
vn 0.0189 -0.7799 0.6256
vn 0.0015 -0.7792 0.6268
vn 0.0017 -0.9803 0.1977
vn 0.0018 -0.9992 0.0401
vn 0.9934 -0.1124 0.0246
vn 0.9935 0.1107 0.0253
vn 0.9857 -0.1130 0.1248
vn 0.9857 0.1130 0.1248
vn 0.9258 -0.3779 0.0024
vn 0.9937 -0.1121 0.0021
vn 0.9949 0.1012 0.0039
vn 0.9720 0.2346 0.0139
vn 0.9585 0.2827 0.0384
vn 0.9343 0.3261 0.1438
vn 0.8422 0.3207 0.4334
vn 0.8820 0.1121 0.4577
vn 0.8820 -0.1121 0.4577
vn 0.8410 -0.3336 0.4260
vn 0.9173 -0.3753 0.1330
vn 0.9253 -0.3782 0.0274
vn 0.0141 -0.1158 -0.9932
vn 0.0141 0.1158 -0.9932
vn 0.0832 -0.1158 -0.9898
vn 0.0832 0.1158 -0.9898
vn 0.0012 -0.3879 -0.9217
vn 0.0011 -0.1155 -0.9933
vn 0.0011 0.1155 -0.9933
vn 0.0018 0.3751 -0.9270
vn 0.0164 0.3831 -0.9236
vn 0.0880 0.3849 -0.9188
vn 0.3802 0.3407 -0.8599
vn 0.4186 0.1135 -0.9010
vn 0.4186 -0.1135 -0.9010
vn 0.3802 -0.3407 -0.8599
vn 0.0876 -0.3857 -0.9184
vn 0.0156 -0.3882 -0.9214
vn -0.0832 -0.1158 -0.9898
vn -0.0842 0.1103 -0.9903
vn -0.0141 -0.1158 -0.9932
vn -0.0151 0.1040 -0.9945
vn -0.3802 -0.3407 -0.8599
vn -0.4186 -0.1135 -0.9010
vn -0.4191 0.1110 -0.9011
vn -0.3880 0.2771 -0.8790
vn -0.0922 0.3073 -0.9471
vn -0.0195 0.2954 -0.9552
vn -0.0035 0.2802 -0.9599
vn -0.0017 0.0954 -0.9954
vn -0.0011 -0.1155 -0.9933
vn -0.0012 -0.3879 -0.9217
vn -0.0156 -0.3882 -0.9214
vn -0.0876 -0.3857 -0.9184
vn -0.0000 -0.1154 -0.9933
vn 0.0006 0.1071 -0.9943
vn -0.0000 0.1154 -0.9933
vn -0.0000 -0.3879 -0.9217
vn 0.0003 0.0950 -0.9955
vn 0.0013 0.2784 -0.9605
vn 0.0038 0.3155 -0.9489
vn 0.0009 0.3624 -0.9320
vn -0.0002 0.3736 -0.9276
vn -0.1289 -0.9909 0.0377
vn -0.0220 -0.9990 0.0395
vn -0.1230 -0.9744 0.1883
vn -0.0211 -0.9805 0.1956
vn -0.5786 -0.8156 0.0029
vn -0.1306 -0.9914 0.0033
vn -0.0224 -0.9997 0.0034
vn -0.0018 -1.0000 0.0035
vn -0.0018 -0.9992 0.0401
vn -0.0017 -0.9803 0.1977
vn -0.0015 -0.7792 0.6268
vn -0.0189 -0.7799 0.6256
vn -0.1062 -0.7807 0.6158
vn -0.4565 -0.7206 0.5218
vn -0.5603 -0.8115 0.1660
vn -0.5762 -0.8166 0.0342
vn -0.0000 -0.9992 0.0402
vn -0.0000 -0.9802 0.1980
vn -0.0000 -1.0000 0.0035
vn -0.0000 -0.7791 0.6269
vn 0.0832 -0.1158 0.9898
vn 0.0832 0.1158 0.9898
vn 0.0141 -0.1158 0.9932
vn 0.0141 0.1158 0.9932
vn 0.3802 -0.3407 0.8599
vn 0.4186 -0.1135 0.9010
vn 0.4186 0.1135 0.9010
vn 0.3791 0.3430 0.8595
vn 0.0866 0.3941 0.9150
vn 0.0150 0.4027 0.9152
vn 0.0009 0.4075 0.9132
vn 0.0011 0.1155 0.9933
vn 0.0011 -0.1155 0.9933
vn 0.0012 -0.3879 0.9217
vn 0.0156 -0.3882 0.9214
vn 0.0876 -0.3857 0.9184
vn -0.0000 -0.1154 0.9933
vn -0.0003 0.1203 0.9927
vn -0.0014 0.1438 0.9896
vn -0.0000 -0.3879 0.9217
vn -0.0000 0.1155 0.9933
vn -0.0005 0.4142 0.9102
vn -0.0010 0.4274 0.9041
vn -0.0010 0.4369 0.8995
vn 0.0003 0.4339 0.9009
vn -0.0004 0.1657 0.9862
vn 0.2044 0.9719 0.1165
vn 0.0605 0.9885 0.1386
vn 0.1693 0.9441 0.2829
vn 0.0424 0.9497 0.3103
vn 0.7718 0.6343 0.0448
vn 0.2383 0.9682 0.0768
vn 0.0759 0.9929 0.0911
vn 0.0400 0.9936 0.1053
vn 0.0307 0.9868 0.1592
vn 0.0191 0.9395 0.3420
vn 0.0050 0.7119 0.7023
vn 0.0237 0.7252 0.6881
vn 0.1175 0.7303 0.6730
vn 0.4895 0.6638 0.5655
vn 0.6627 0.7155 0.2211
vn 0.7248 0.6843 0.0796
vn 0.0119 0.9797 0.2000
vn -0.0080 0.9804 0.1969
vn 0.0088 0.9247 0.3805
vn -0.0045 0.9291 0.3699
vn 0.0305 0.9916 0.1257
vn 0.0128 0.9905 0.1368
vn -0.0096 0.9908 0.1353
vn -0.0265 0.9911 0.1306
vn -0.0212 0.9832 0.1811
vn -0.0133 0.9388 0.3441
vn -0.0029 0.7123 0.7019
vn -0.0005 0.6934 0.7206
vn 0.0020 0.6859 0.7277
vn 0.0023 0.6948 0.7192
vn 0.0121 0.9293 0.3691
vn 0.0209 0.9828 0.1837
vn 0.0090 0.9334 -0.3587
vn 0.0066 0.9283 -0.3718
vn 0.0151 0.9784 -0.2061
vn 0.0033 0.9755 -0.2198
vn 0.0005 0.7036 -0.7106
vn 0.0043 0.6686 -0.7436
vn 0.0076 0.6420 -0.7667
vn -0.0000 0.6630 -0.7486
vn -0.0043 0.9404 -0.3402
vn -0.0096 0.9814 -0.1918
vn -0.0179 0.9846 -0.1740
vn 0.0003 0.9808 -0.1952
vn 0.0220 0.9818 -0.1887
vn 0.0263 0.9886 -0.1486
vn 0.0122 0.9876 -0.1564
vn 0.0045 0.9520 -0.3061
vn 0.0182 0.9965 -0.0811
vn -0.0044 0.9972 -0.0740
vn 0.0135 0.9999 0.0067
vn -0.0060 0.9999 0.0115
vn 0.0427 0.9879 -0.1490
vn 0.0233 0.9866 -0.1612
vn -0.0025 0.9882 -0.1533
vn -0.0254 0.9894 -0.1432
vn -0.0280 0.9971 -0.0712
vn -0.0287 0.9995 0.0163
vn -0.0288 0.9958 0.0867
vn -0.0085 0.9966 0.0823
vn 0.0124 0.9967 0.0804
vn 0.0387 0.9962 0.0784
vn 0.0441 0.9990 0.0030
vn 0.0481 0.9950 -0.0878
vn 0.1415 0.9616 -0.2352
vn 0.0294 0.9667 -0.2542
vn 0.1566 0.9843 -0.0810
vn 0.0342 0.9952 -0.0915
vn 0.4661 0.7063 -0.5328
vn 0.1126 0.7523 -0.6491
vn 0.0229 0.7346 -0.6781
vn 0.0037 0.7200 -0.6940
vn 0.0064 0.9626 -0.2707
vn 0.0130 0.9934 -0.1138
vn 0.0269 0.9944 -0.1027
vn 0.0485 0.9962 -0.0721
vn 0.1762 0.9829 -0.0531
vn 0.6712 0.7405 -0.0343
vn 0.6356 0.7696 -0.0604
vn 0.5923 0.7836 -0.1878
vn 0.2700 0.9609 -0.0618
vn 0.0939 0.9931 -0.0702
vn 0.2796 0.9601 -0.0026
vn 0.0968 0.9953 -0.0025
vn 0.7376 0.6742 -0.0388
vn 0.2232 0.9720 -0.0738
vn 0.0746 0.9925 -0.0967
vn 0.0449 0.9917 -0.1203
vn 0.0590 0.9949 -0.0812
vn 0.0603 0.9982 -0.0005
vn 0.0507 0.9964 0.0682
vn 0.0889 0.9943 0.0584
vn 0.2656 0.9627 0.0517
vn 0.8182 0.5742 0.0291
vn 0.8391 0.5439 -0.0015
vn 0.8120 0.5827 -0.0336
vn -0.0000 -0.9802 -0.1980
vn -0.0000 -0.9992 -0.0402
vn -0.0000 -0.7791 -0.6269
vn -0.0000 -1.0000 -0.0035
vn -0.1230 -0.9744 -0.1883
vn -0.0211 -0.9804 -0.1956
vn -0.1289 -0.9909 -0.0377
vn -0.0220 -0.9990 -0.0395
vn -0.4565 -0.7206 -0.5218
vn -0.1062 -0.7807 -0.6158
vn -0.0189 -0.7799 -0.6256
vn -0.0015 -0.7792 -0.6268
vn -0.0017 -0.9803 -0.1977
vn -0.0018 -0.9992 -0.0401
vn -0.0018 -1.0000 -0.0035
vn -0.0224 -0.9997 -0.0034
vn -0.1306 -0.9914 -0.0033
vn -0.5786 -0.8156 -0.0029
vn -0.5762 -0.8166 -0.0342
vn -0.5603 -0.8115 -0.1660
vn -0.1309 -0.9914 -0.0000
vn -0.0224 -0.9997 -0.0000
vn -0.5788 -0.8154 -0.0000
vn -0.0018 -1.0000 -0.0000
vn 0.9857 -0.1130 -0.1248
vn 0.9857 0.1130 -0.1248
vn 0.9934 -0.1124 -0.0246
vn 0.9934 0.1124 -0.0246
vn 0.8410 -0.3336 -0.4260
vn 0.8820 -0.1121 -0.4577
vn 0.8820 0.1121 -0.4577
vn 0.8410 0.3336 -0.4260
vn 0.9189 0.3704 -0.1360
vn 0.9343 0.3549 -0.0330
vn 0.9491 0.3147 -0.0107
vn 0.9940 0.1097 -0.0027
vn 0.9937 -0.1121 -0.0021
vn 0.9258 -0.3779 -0.0024
vn 0.9253 -0.3782 -0.0274
vn 0.9173 -0.3753 -0.1330
vn 0.9937 -0.1120 -0.0000
vn 0.9969 0.0783 -0.0013
vn 0.9974 0.0725 0.0004
vn 0.9259 -0.3779 -0.0000
vn 0.9953 0.0967 -0.0019
vn 0.9650 0.2622 -0.0106
vn 0.9782 0.2073 -0.0088
vn 0.9840 0.1783 0.0002
vn 0.9811 0.1931 0.0086
vn 0.9964 0.0842 0.0018
vn 0.0211 -0.9805 -0.1956
vn 0.1230 -0.9744 -0.1883
vn 0.0220 -0.9990 -0.0395
vn 0.1289 -0.9909 -0.0377
vn 0.0015 -0.7792 -0.6268
vn 0.0189 -0.7799 -0.6256
vn 0.1062 -0.7807 -0.6158
vn 0.4565 -0.7206 -0.5218
vn 0.5603 -0.8115 -0.1660
vn 0.5762 -0.8166 -0.0342
vn 0.5786 -0.8156 -0.0029
vn 0.1306 -0.9914 -0.0033
vn 0.0224 -0.9997 -0.0034
vn 0.0018 -1.0000 -0.0035
vn 0.0018 -0.9992 -0.0401
vn 0.0017 -0.9803 -0.1977
vn 0.0224 -0.9997 -0.0000
vn 0.1309 -0.9914 -0.0000
vn 0.0018 -1.0000 -0.0000
vn 0.5788 -0.8154 -0.0000
vn -0.9857 -0.1130 0.1248
vn -0.9858 0.1127 0.1248
vn -0.9934 -0.1119 0.0244
vn -0.9943 0.1030 0.0258
vn -0.8410 -0.3336 0.4260
vn -0.8820 -0.1121 0.4577
vn -0.8819 0.1242 0.4548
vn -0.8421 0.3291 0.4273
vn -0.9308 0.3363 0.1431
vn -0.9471 0.3182 0.0411
vn -0.9562 0.2920 0.0174
vn -0.9955 0.0949 0.0038
vn -0.9941 -0.1083 0.0014
vn -0.9258 -0.3779 0.0024
vn -0.9253 -0.3783 0.0274
vn -0.9173 -0.3753 0.1330
vn -0.9955 -0.0948 -0.0003
vn -0.9963 0.0858 0.0004
vn -0.9953 -0.0966 0.0006
vn -0.9963 0.0863 -0.0009
vn -0.9259 -0.3779 -0.0000
vn -0.9949 -0.1008 -0.0008
vn -0.9960 0.0890 0.0014
vn -0.9648 0.2628 0.0117
vn -0.9693 0.2457 0.0029
vn -0.9681 0.2504 -0.0082
vn -0.9605 0.2780 -0.0146
vn -0.9958 0.0913 -0.0017
vn -0.9945 -0.1048 0.0009
vn -0.0329 0.9619 -0.2714
vn -0.1424 0.9556 -0.2581
vn -0.0413 0.9911 -0.1265
vn -0.1535 0.9823 -0.1069
vn -0.0069 0.6939 -0.7200
vn -0.0279 0.7057 -0.7080
vn -0.1202 0.7091 -0.6948
vn -0.4874 0.6505 -0.5824
vn -0.6051 0.7665 -0.2152
vn -0.6281 0.7739 -0.0806
vn -0.6593 0.7496 -0.0577
vn -0.1749 0.9799 -0.0958
vn -0.0575 0.9915 -0.1170
vn -0.0327 0.9892 -0.1431
vn -0.0206 0.9874 -0.1568
vn -0.0122 0.9539 -0.2998
vn -0.0836 0.9945 -0.0626
vn -0.2130 0.9752 -0.0594
vn -0.0818 0.9965 0.0171
vn -0.2107 0.9774 0.0164
vn -0.0443 0.9905 -0.1301
vn -0.0752 0.9904 -0.1163
vn -0.2016 0.9741 -0.1024
vn -0.7046 0.7069 -0.0620
vn -0.7317 0.6807 -0.0372
vn -0.7341 0.6789 0.0110
vn -0.7202 0.6920 0.0488
vn -0.2062 0.9756 0.0757
vn -0.0761 0.9939 0.0796
vn -0.0439 0.9955 0.0845
vn -0.0489 0.9986 0.0180
vn -0.0497 0.9965 -0.0668
vn -0.0858 0.4137 0.9063
vn -0.9860 0.1087 -0.1264
vn 0.0211 -0.9805 0.1956
vn -0.3879 0.2771 -0.8790
vn -0.0195 0.2955 -0.9552
vn 0.7375 0.6742 -0.0388
vn -0.0211 -0.9805 -0.1956
vn 0.9189 0.3704 -0.1359
vn -0.9253 -0.3782 0.0274
vn -0.4874 0.6505 -0.5825
vn -0.1957 0.9754 0.1010
vn -0.6104 0.7627 0.2141
vn -0.0811 0.1463 0.9859
vn -0.8501 0.2880 -0.4408
vn -0.9253 -0.3782 -0.0274
vn 0.9253 -0.3783 0.0274
vn -0.0156 -0.3883 -0.9214
vn -0.0004 0.4142 0.9102
vn -0.0043 0.9404 -0.3401
vn 0.9491 0.3148 -0.0107
vn 0.5788 -0.8155 -0.0000
vn -0.9258 -0.3779 -0.0000
vn 1.0000 -0.0000 -0.0000
vn -0.0000 -0.0000 1.0000
vn -1.0000 -0.0000 -0.0000
vn -0.0000 -0.0000 -1.0000
vn -0.0000 -0.3827 -0.9239
vn -0.0000 -0.9239 -0.3827
vn -0.0000 -0.9239 0.3827
vn -0.0000 -0.3827 0.9239
vn -0.0000 0.3827 0.9239
vn -0.0000 0.9239 0.3827
vn -0.0000 0.9239 -0.3827
vn -0.0000 0.3827 -0.9239
vt 0.455015 0.867474
vt 0.450915 0.867474
vt 0.450916 0.854134
vt 0.454840 0.854218
vt 0.446827 0.867474
vt 0.447003 0.854218
vt 0.447855 0.848946
vt 0.450922 0.848085
vt 0.453995 0.848946
vt 0.868480 0.922394
vt 0.864414 0.922393
vt 0.864410 0.913789
vt 0.868301 0.913841
vt 0.860293 0.922394
vt 0.860465 0.913841
vt 0.861298 0.910583
vt 0.864380 0.910064
vt 0.867438 0.910583
vt 0.981211 0.757975
vt 0.985280 0.757975
vt 0.985284 0.771315
vt 0.981389 0.771230
vt 0.989397 0.757975
vt 0.989224 0.771230
vt 0.988390 0.776502
vt 0.985309 0.777364
vt 0.982250 0.776502
vt 0.681086 0.922875
vt 0.677069 0.922875
vt 0.677058 0.914271
vt 0.680903 0.914322
vt 0.672904 0.922875
vt 0.673071 0.914322
vt 0.673878 0.911065
vt 0.676978 0.910545
vt 0.680014 0.911065
vt 0.172581 0.764323
vt 0.163926 0.764323
vt 0.163952 0.750941
vt 0.172581 0.750898
vt 0.159981 0.764323
vt 0.160116 0.751068
vt 0.160771 0.745796
vt 0.164028 0.744710
vt 0.172581 0.744485
vt 0.265352 0.764386
vt 0.256698 0.764387
vt 0.256724 0.751007
vt 0.265353 0.750962
vt 0.252759 0.764399
vt 0.252895 0.751145
vt 0.253554 0.745878
vt 0.256808 0.744786
vt 0.265360 0.744561
vt 0.265360 0.826879
vt 0.256808 0.826655
vt 0.256724 0.820414
vt 0.265353 0.820455
vt 0.253554 0.825574
vt 0.252895 0.820297
vt 0.252759 0.807041
vt 0.256698 0.807030
vt 0.265352 0.807028
vt 0.256698 0.785709
vt 0.265352 0.785707
vt 0.252759 0.785720
vt 0.172581 0.826805
vt 0.164028 0.826580
vt 0.163952 0.820350
vt 0.172581 0.820392
vt 0.160771 0.825494
vt 0.160116 0.820222
vt 0.159981 0.806967
vt 0.163926 0.806967
vt 0.172581 0.806967
vt 0.163926 0.785645
vt 0.172581 0.785645
vt 0.159981 0.785645
vt 0.982250 0.696804
vt 0.985309 0.695942
vt 0.985284 0.701991
vt 0.981389 0.702076
vt 0.988390 0.696804
vt 0.989224 0.702076
vt 0.989397 0.715331
vt 0.985280 0.715331
vt 0.981211 0.715331
vt 0.985280 0.736653
vt 0.981211 0.736653
vt 0.989397 0.736653
vt 0.453995 0.928644
vt 0.450922 0.929506
vt 0.450916 0.923458
vt 0.454840 0.923372
vt 0.447855 0.928644
vt 0.447003 0.923372
vt 0.446827 0.910117
vt 0.450915 0.910118
vt 0.455015 0.910117
vt 0.450915 0.888796
vt 0.455015 0.888795
vt 0.446827 0.888795
vt 0.213464 0.806967
vt 0.209518 0.806967
vt 0.209518 0.785645
vt 0.213464 0.785645
vt 0.200863 0.806967
vt 0.200863 0.785645
vt 0.200863 0.764323
vt 0.209518 0.764323
vt 0.213464 0.764323
vt 0.186722 0.806967
vt 0.186722 0.785645
vt 0.186722 0.764323
vt 0.212674 0.825494
vt 0.209416 0.826580
vt 0.209493 0.820350
vt 0.213328 0.820222
vt 0.200863 0.826805
vt 0.200863 0.820392
vt 0.186722 0.826805
vt 0.186722 0.820392
vt 0.306242 0.807040
vt 0.302290 0.807029
vt 0.302290 0.785708
vt 0.306242 0.785719
vt 0.293633 0.807028
vt 0.293633 0.785706
vt 0.293633 0.764385
vt 0.302290 0.764386
vt 0.306242 0.764397
vt 0.279493 0.807028
vt 0.279493 0.785707
vt 0.279493 0.764385
vt 0.305456 0.825573
vt 0.302195 0.826654
vt 0.302265 0.820413
vt 0.306107 0.820296
vt 0.293641 0.826878
vt 0.293634 0.820454
vt 0.279501 0.826878
vt 0.279494 0.820455
vt 0.302265 0.751005
vt 0.306107 0.751143
vt 0.293634 0.750962
vt 0.293641 0.744560
vt 0.302195 0.744785
vt 0.305456 0.745877
vt 0.279494 0.750962
vt 0.279501 0.744560
vt 0.209493 0.750941
vt 0.213328 0.751068
vt 0.200863 0.750898
vt 0.200863 0.744485
vt 0.209416 0.744710
vt 0.212674 0.745796
vt 0.186722 0.750898
vt 0.186722 0.744485
vt 0.680014 0.962967
vt 0.676978 0.963487
vt 0.677058 0.959761
vt 0.680903 0.959710
vt 0.673878 0.962967
vt 0.673071 0.959710
vt 0.672904 0.951157
vt 0.677069 0.951156
vt 0.681086 0.951157
vt 0.677069 0.937016
vt 0.681086 0.937016
vt 0.672904 0.937016
vt 0.867438 0.962486
vt 0.864380 0.963005
vt 0.864410 0.959279
vt 0.868301 0.959228
vt 0.861298 0.962486
vt 0.860465 0.959228
vt 0.860293 0.950675
vt 0.864414 0.950675
vt 0.868480 0.950675
vt 0.864414 0.936534
vt 0.868480 0.936534
vt 0.860293 0.936534
vt 0.791181 0.484636
vt 0.791502 0.474196
vt 0.797707 0.474192
vt 0.797480 0.484607
vt 0.791702 0.469377
vt 0.797814 0.469420
vt 0.801035 0.474223
vt 0.800912 0.484593
vt 0.800998 0.469551
vt 0.780331 0.503212
vt 0.780886 0.484658
vt 0.790721 0.503213
vt 0.781273 0.474232
vt 0.781535 0.469404
vt 0.781911 0.467633
vt 0.791960 0.467625
vt 0.797948 0.467725
vt 0.801016 0.467986
vt 0.802217 0.468309
vt 0.802495 0.469645
vt 0.802693 0.474246
vt 0.802704 0.484581
vt 0.800616 0.503173
vt 0.802537 0.503140
vt 0.797097 0.503200
vt 0.785833 0.698899
vt 0.783520 0.698896
vt 0.783515 0.688525
vt 0.785740 0.688548
vt 0.780961 0.698905
vt 0.781110 0.688552
vt 0.783500 0.683811
vt 0.785529 0.683886
vt 0.781339 0.683889
vt 0.787752 0.717444
vt 0.785847 0.717444
vt 0.787728 0.698902
vt 0.783521 0.717444
vt 0.780891 0.717452
vt 0.778298 0.717482
vt 0.778569 0.698922
vt 0.778859 0.688586
vt 0.779349 0.683983
vt 0.779915 0.682645
vt 0.781462 0.682331
vt 0.783471 0.682173
vt 0.785366 0.682328
vt 0.787159 0.683971
vt 0.786657 0.682635
vt 0.787564 0.688571
vt 0.171711 0.858258
vt 0.169385 0.858255
vt 0.169385 0.852487
vt 0.171624 0.852510
vt 0.166799 0.858089
vt 0.167060 0.852452
vt 0.169387 0.849441
vt 0.171428 0.849518
vt 0.167325 0.849503
vt 0.173664 0.867789
vt 0.171724 0.867790
vt 0.173642 0.858261
vt 0.169346 0.867765
vt 0.166420 0.867382
vt 0.163859 0.866975
vt 0.164471 0.857828
vt 0.164943 0.852302
vt 0.165502 0.849479
vt 0.166079 0.848416
vt 0.167484 0.848166
vt 0.169391 0.848011
vt 0.171294 0.848170
vt 0.173088 0.849605
vt 0.172599 0.848487
vt 0.173482 0.852533
vt 0.221067 0.546841
vt 0.221064 0.536432
vt 0.226853 0.536452
vt 0.226874 0.546843
vt 0.221059 0.531632
vt 0.226809 0.531692
vt 0.229947 0.536495
vt 0.230009 0.546849
vt 0.229808 0.531827
vt 0.211527 0.565395
vt 0.211527 0.546840
vt 0.221067 0.565395
vt 0.211527 0.536430
vt 0.211527 0.531623
vt 0.211527 0.529882
vt 0.221055 0.529898
vt 0.226783 0.530003
vt 0.229711 0.530263
vt 0.230829 0.530585
vt 0.231161 0.531921
vt 0.231429 0.536521
vt 0.231538 0.546852
vt 0.230018 0.565395
vt 0.231553 0.565395
vt 0.226877 0.565395
vt 0.323046 0.937213
vt 0.325365 0.937216
vt 0.325368 0.942985
vt 0.323137 0.942961
vt 0.327719 0.937198
vt 0.327610 0.942961
vt 0.325376 0.946030
vt 0.323341 0.945954
vt 0.327420 0.945954
vt 0.321113 0.927682
vt 0.323033 0.927682
vt 0.321136 0.937211
vt 0.325365 0.927682
vt 0.327835 0.927601
vt 0.330598 0.927120
vt 0.330195 0.936880
vt 0.329776 0.942764
vt 0.329211 0.945795
vt 0.328636 0.946967
vt 0.327296 0.947301
vt 0.325391 0.947460
vt 0.323493 0.947301
vt 0.321698 0.945866
vt 0.322195 0.946984
vt 0.321298 0.942938
vt 0.905188 0.484221
vt 0.902867 0.484219
vt 0.902865 0.473848
vt 0.905098 0.473870
vt 0.900539 0.484221
vt 0.900625 0.473870
vt 0.902859 0.469134
vt 0.904896 0.469209
vt 0.900817 0.469209
vt 0.907126 0.502767
vt 0.905201 0.502767
vt 0.907103 0.484225
vt 0.902867 0.502767
vt 0.900526 0.502767
vt 0.898538 0.502758
vt 0.898581 0.484220
vt 0.898756 0.473893
vt 0.899150 0.469294
vt 0.899636 0.467958
vt 0.900944 0.467651
vt 0.902848 0.467496
vt 0.904748 0.467651
vt 0.906542 0.469294
vt 0.906047 0.467958
vt 0.906941 0.473893
vt 0.904896 0.658698
vt 0.902859 0.658773
vt 0.902865 0.654059
vt 0.905098 0.654036
vt 0.900808 0.658698
vt 0.900602 0.654036
vt 0.902867 0.643688
vt 0.905188 0.643685
vt 0.900489 0.643684
vt 0.906047 0.659949
vt 0.904748 0.660257
vt 0.906542 0.658613
vt 0.902848 0.660411
vt 0.900938 0.660257
vt 0.899528 0.659946
vt 0.898994 0.658609
vt 0.898541 0.654007
vt 0.898307 0.643674
vt 0.898219 0.625129
vt 0.900449 0.625137
vt 0.902867 0.625140
vt 0.905201 0.625140
vt 0.907103 0.643683
vt 0.907126 0.625140
vt 0.906941 0.654014
vt 0.905201 0.597217
vt 0.902867 0.597217
vt 0.902867 0.563953
vt 0.905201 0.563953
vt 0.900474 0.597215
vt 0.900526 0.563953
vt 0.902867 0.530690
vt 0.905201 0.530690
vt 0.900526 0.530690
vt 0.907126 0.597217
vt 0.898272 0.597208
vt 0.898486 0.563950
vt 0.898551 0.530683
vt 0.907126 0.530690
vt 0.907126 0.563954
vt 0.221059 0.721530
vt 0.221064 0.716729
vt 0.226853 0.716709
vt 0.226809 0.721469
vt 0.221067 0.706321
vt 0.226874 0.706318
vt 0.229947 0.716667
vt 0.229808 0.721334
vt 0.230009 0.706313
vt 0.211527 0.723279
vt 0.211527 0.721538
vt 0.221055 0.723264
vt 0.211527 0.716732
vt 0.211527 0.706321
vt 0.211527 0.687767
vt 0.221067 0.687767
vt 0.226877 0.687767
vt 0.230018 0.687767
vt 0.231553 0.687767
vt 0.231538 0.706310
vt 0.231429 0.716641
vt 0.231161 0.721241
vt 0.229711 0.722899
vt 0.230829 0.722576
vt 0.226783 0.723159
vt 0.221067 0.659844
vt 0.221067 0.626581
vt 0.226877 0.626581
vt 0.226877 0.659844
vt 0.221067 0.593317
vt 0.226877 0.593317
vt 0.230018 0.626581
vt 0.230018 0.659844
vt 0.230018 0.593317
vt 0.211527 0.659844
vt 0.211527 0.626581
vt 0.211527 0.593317
vt 0.231553 0.593317
vt 0.231553 0.626581
vt 0.231553 0.659844
vt 0.785529 0.873376
vt 0.783500 0.873450
vt 0.783515 0.868736
vt 0.785740 0.868714
vt 0.781453 0.873376
vt 0.781270 0.868714
vt 0.783520 0.858365
vt 0.785833 0.858362
vt 0.781187 0.858362
vt 0.786657 0.874627
vt 0.785366 0.874934
vt 0.787159 0.873291
vt 0.783471 0.875088
vt 0.781564 0.874934
vt 0.780218 0.874634
vt 0.779667 0.873316
vt 0.779170 0.868743
vt 0.778896 0.858441
vt 0.778772 0.839922
vt 0.781174 0.839817
vt 0.783521 0.839817
vt 0.785847 0.839817
vt 0.787728 0.858360
vt 0.787752 0.839817
vt 0.787564 0.868691
vt 0.785847 0.811894
vt 0.783521 0.811894
vt 0.783521 0.778631
vt 0.785847 0.778631
vt 0.781175 0.811894
vt 0.781130 0.778632
vt 0.783521 0.745367
vt 0.785847 0.745367
vt 0.780943 0.745374
vt 0.787752 0.811894
vt 0.778629 0.812012
vt 0.778298 0.778735
vt 0.778136 0.745429
vt 0.787752 0.745367
vt 0.787752 0.778631
vt 0.791740 0.659494
vt 0.791490 0.654795
vt 0.797603 0.654660
vt 0.797728 0.659346
vt 0.791200 0.644478
vt 0.797429 0.644346
vt 0.800927 0.654526
vt 0.800911 0.659139
vt 0.800885 0.644222
vt 0.332697 0.926632
vt 0.332034 0.936551
vt 0.781826 0.659631
vt 0.781461 0.654945
vt 0.781066 0.644628
vt 0.780541 0.626146
vt 0.790801 0.626001
vt 0.797134 0.625875
vt 0.800710 0.625742
vt 0.777075 0.858573
vt 0.776686 0.840094
vt 0.802704 0.644100
vt 0.802645 0.654404
vt 0.802431 0.658978
vt 0.800966 0.660639
vt 0.802135 0.660298
vt 0.797938 0.660935
vt 0.331427 0.942542
vt 0.790299 0.598069
vt 0.789955 0.564640
vt 0.796502 0.564604
vt 0.796799 0.597970
vt 0.790187 0.531204
vt 0.796680 0.531193
vt 0.800217 0.564545
vt 0.800483 0.597859
vt 0.800313 0.531162
vt 0.779812 0.598165
vt 0.779465 0.564640
vt 0.779713 0.531185
vt 0.775937 0.745517
vt 0.776377 0.717526
vt 0.775803 0.778901
vt 0.776259 0.812213
vt 0.704491 0.597456
vt 0.704421 0.564180
vt 0.707226 0.564242
vt 0.707392 0.597524
vt 0.704324 0.530908
vt 0.707176 0.530940
vt 0.712406 0.564361
vt 0.712725 0.597649
vt 0.712419 0.531012
vt 0.897079 0.530641
vt 0.897116 0.502719
vt 0.896898 0.563916
vt 0.896676 0.597187
vt 0.896729 0.625121
vt 0.704398 0.502975
vt 0.707315 0.502994
vt 0.712668 0.503040
vt 0.721340 0.503130
vt 0.720919 0.531127
vt 0.720850 0.564514
vt 0.721305 0.597867
vt 0.712968 0.625535
vt 0.721854 0.625743
vt 0.707469 0.625432
vt 0.704475 0.625378
vt 0.733719 0.598082
vt 0.733298 0.564593
vt 0.748675 0.564584
vt 0.749001 0.598185
vt 0.733427 0.531172
vt 0.748822 0.531158
vt 0.764923 0.564595
vt 0.765225 0.598207
vt 0.765115 0.531154
vt 0.734546 0.626031
vt 0.733958 0.503199
vt 0.749393 0.503208
vt 0.765730 0.503203
vt 0.766055 0.626256
vt 0.749849 0.626231
vt 0.704738 0.658909
vt 0.704573 0.654252
vt 0.707574 0.654332
vt 0.707672 0.659071
vt 0.704489 0.643912
vt 0.707511 0.643962
vt 0.713201 0.654420
vt 0.713292 0.659188
vt 0.713122 0.644043
vt 0.703731 0.660147
vt 0.703403 0.658809
vt 0.704851 0.660469
vt 0.703142 0.654208
vt 0.703039 0.643880
vt 0.703037 0.625342
vt 0.722200 0.644208
vt 0.722417 0.654550
vt 0.722578 0.659300
vt 0.713419 0.660878
vt 0.722782 0.660967
vt 0.707763 0.660738
vt 0.735847 0.659496
vt 0.735499 0.654804
vt 0.751047 0.655025
vt 0.751489 0.659710
vt 0.735106 0.644495
vt 0.750567 0.644711
vt 0.767207 0.655061
vt 0.767646 0.659748
vt 0.766732 0.644744
vt 0.330062 0.867605
vt 0.331670 0.867389
vt 0.332462 0.880654
vt 0.330493 0.881088
vt 0.331011 0.913103
vt 0.333370 0.912448
vt 0.330995 0.896942
vt 0.333333 0.896291
vt 0.133217 0.659844
vt 0.133217 0.626581
vt 0.136358 0.626581
vt 0.136358 0.659844
vt 0.133217 0.593317
vt 0.136358 0.593317
vt 0.142167 0.626581
vt 0.142167 0.659844
vt 0.142167 0.593317
vt 0.131681 0.687767
vt 0.131681 0.659844
vt 0.133217 0.687767
vt 0.131681 0.626581
vt 0.131681 0.593317
vt 0.131681 0.565395
vt 0.133217 0.565395
vt 0.136358 0.565395
vt 0.142167 0.565395
vt 0.151707 0.565395
vt 0.151707 0.593317
vt 0.151707 0.626581
vt 0.151707 0.659844
vt 0.142167 0.687767
vt 0.151707 0.687767
vt 0.136358 0.687767
vt 0.165464 0.659844
vt 0.165464 0.626581
vt 0.181617 0.626581
vt 0.181617 0.659844
vt 0.165464 0.593317
vt 0.181617 0.593317
vt 0.197770 0.626581
vt 0.197770 0.659844
vt 0.197770 0.593317
vt 0.165464 0.687767
vt 0.165464 0.565395
vt 0.181617 0.565395
vt 0.197770 0.565395
vt 0.197770 0.687767
vt 0.181617 0.687767
vt 0.133427 0.721334
vt 0.133288 0.716667
vt 0.136381 0.716709
vt 0.136425 0.721469
vt 0.133226 0.706313
vt 0.136361 0.706318
vt 0.142170 0.716729
vt 0.142176 0.721530
vt 0.142168 0.706321
vt 0.132406 0.722576
vt 0.132073 0.721241
vt 0.133524 0.722899
vt 0.131805 0.716641
vt 0.131697 0.706310
vt 0.151707 0.706321
vt 0.151707 0.716732
vt 0.151707 0.721538
vt 0.142179 0.723264
vt 0.151707 0.723279
vt 0.136452 0.723159
vt 0.165464 0.721538
vt 0.165464 0.716732
vt 0.181617 0.716732
vt 0.181617 0.721538
vt 0.165464 0.706321
vt 0.181617 0.706321
vt 0.197771 0.716732
vt 0.197771 0.721538
vt 0.197771 0.706321
vt 0.165464 0.723279
vt 0.197771 0.723279
vt 0.181617 0.723279
vt 0.323341 0.849591
vt 0.325376 0.849514
vt 0.325368 0.852560
vt 0.323137 0.852583
vt 0.327420 0.849591
vt 0.327610 0.852583
vt 0.325365 0.858328
vt 0.323046 0.858331
vt 0.327695 0.858331
vt 0.322195 0.848561
vt 0.323493 0.848244
vt 0.321698 0.849679
vt 0.325391 0.848085
vt 0.327296 0.848244
vt 0.328606 0.848561
vt 0.329090 0.849679
vt 0.329508 0.852589
vt 0.329779 0.858243
vt 0.327739 0.867842
vt 0.325365 0.867863
vt 0.323033 0.867863
vt 0.321136 0.858334
vt 0.321113 0.867863
vt 0.321298 0.852607
vt 0.323033 0.881619
vt 0.325365 0.881619
vt 0.325365 0.897772
vt 0.323033 0.897772
vt 0.327891 0.881501
vt 0.328027 0.897567
vt 0.325365 0.913926
vt 0.323033 0.913926
vt 0.327989 0.913746
vt 0.321113 0.881619
vt 0.321113 0.913926
vt 0.321113 0.897772
vt 0.133226 0.546849
vt 0.133288 0.536495
vt 0.136381 0.536452
vt 0.136361 0.546843
vt 0.133427 0.531827
vt 0.136425 0.531692
vt 0.142170 0.536432
vt 0.142168 0.546841
vt 0.142176 0.531632
vt 0.131697 0.546852
vt 0.131805 0.536521
vt 0.132073 0.531921
vt 0.132406 0.530585
vt 0.133524 0.530263
vt 0.136452 0.530003
vt 0.142179 0.529898
vt 0.151707 0.529882
vt 0.151707 0.531623
vt 0.151707 0.536430
vt 0.151707 0.546840
vt 0.165464 0.546840
vt 0.165464 0.536430
vt 0.181617 0.536430
vt 0.181617 0.546840
vt 0.165464 0.531623
vt 0.181617 0.531623
vt 0.197770 0.536430
vt 0.197770 0.546840
vt 0.197770 0.531623
vt 0.165464 0.529882
vt 0.181617 0.529882
vt 0.197770 0.529882
vt 0.171428 0.945880
vt 0.169387 0.945957
vt 0.169385 0.942912
vt 0.171624 0.942888
vt 0.167201 0.945784
vt 0.166879 0.942713
vt 0.169370 0.937134
vt 0.171711 0.937140
vt 0.166558 0.936815
vt 0.172599 0.946910
vt 0.171294 0.947227
vt 0.173088 0.945792
vt 0.169391 0.947387
vt 0.167390 0.947163
vt 0.165861 0.946698
vt 0.165234 0.945493
vt 0.164616 0.942421
vt 0.164047 0.936430
vt 0.163211 0.926376
vt 0.166149 0.927027
vt 0.169270 0.927535
vt 0.171724 0.927609
vt 0.173642 0.937137
vt 0.173664 0.927609
vt 0.173482 0.942864
vt 0.171724 0.913853
vt 0.169089 0.913661
vt 0.169021 0.897464
vt 0.171724 0.897699
vt 0.165621 0.912928
vt 0.165434 0.896654
vt 0.169170 0.881407
vt 0.171724 0.881546
vt 0.165874 0.880785
vt 0.173664 0.913852
vt 0.162180 0.911952
vt 0.161904 0.895620
vt 0.162768 0.880026
vt 0.173664 0.881546
vt 0.173664 0.897699
vt 0.704502 0.484425
vt 0.704639 0.474070
vt 0.707606 0.474034
vt 0.707493 0.484428
vt 0.704833 0.469402
vt 0.707711 0.469274
vt 0.713135 0.474034
vt 0.712957 0.484456
vt 0.713234 0.469230
vt 0.896865 0.643672
vt 0.897162 0.654028
vt 0.703261 0.474094
vt 0.703573 0.469494
vt 0.703936 0.468160
vt 0.705002 0.467839
vt 0.707829 0.467586
vt 0.713358 0.467496
vt 0.722508 0.467511
vt 0.722264 0.469265
vt 0.722079 0.474085
vt 0.721785 0.484525
vt 0.734521 0.484620
vt 0.734922 0.474178
vt 0.750453 0.474237
vt 0.750020 0.484654
vt 0.735180 0.469350
vt 0.750723 0.469425
vt 0.766781 0.474249
vt 0.766352 0.484661
vt 0.767052 0.469438
vt 0.735565 0.467581
vt 0.160933 0.879631
vt 0.159981 0.895168
vt 0.160257 0.911500
vt 0.161389 0.925990
vt 0.461776 0.547023
vt 0.462097 0.536582
vt 0.468302 0.536578
vt 0.468075 0.546994
vt 0.462297 0.531763
vt 0.468409 0.531807
vt 0.471630 0.536610
vt 0.471507 0.546979
vt 0.471593 0.531937
vt 0.450926 0.565598
vt 0.451481 0.547045
vt 0.461316 0.565600
vt 0.451868 0.536619
vt 0.452130 0.531791
vt 0.452506 0.530020
vt 0.462555 0.530011
vt 0.468543 0.530112
vt 0.471610 0.530372
vt 0.472812 0.530695
vt 0.473090 0.532032
vt 0.473288 0.536632
vt 0.473299 0.546967
vt 0.471211 0.565560
vt 0.473132 0.565527
vt 0.467692 0.565586
vt 0.870323 0.712668
vt 0.868010 0.712665
vt 0.868004 0.702294
vt 0.870230 0.702317
vt 0.865451 0.712674
vt 0.865599 0.702322
vt 0.867989 0.697581
vt 0.870019 0.697655
vt 0.865829 0.697658
vt 0.872241 0.731214
vt 0.870336 0.731214
vt 0.872218 0.712671
vt 0.868010 0.731214
vt 0.865380 0.731222
vt 0.862787 0.731252
vt 0.863059 0.712691
vt 0.863349 0.702355
vt 0.863838 0.697752
vt 0.864404 0.696414
vt 0.865952 0.696100
vt 0.867960 0.695942
vt 0.869855 0.696097
vt 0.871649 0.697740
vt 0.871146 0.696405
vt 0.872054 0.702340
vt 0.206601 0.858258
vt 0.204274 0.858256
vt 0.204275 0.852487
vt 0.206513 0.852510
vt 0.201689 0.858089
vt 0.201950 0.852452
vt 0.204277 0.849441
vt 0.206318 0.849518
vt 0.202215 0.849503
vt 0.208554 0.867789
vt 0.206613 0.867790
vt 0.208531 0.858261
vt 0.204236 0.867765
vt 0.201310 0.867382
vt 0.198749 0.866975
vt 0.199361 0.857828
vt 0.199832 0.852302
vt 0.200392 0.849479
vt 0.200969 0.848416
vt 0.202374 0.848166
vt 0.204281 0.848011
vt 0.206184 0.848170
vt 0.207978 0.849605
vt 0.207489 0.848487
vt 0.208372 0.852533
vt 0.021090 0.706321
vt 0.021092 0.716729
vt 0.015303 0.716709
vt 0.015283 0.706318
vt 0.021098 0.721530
vt 0.015347 0.721469
vt 0.012210 0.716667
vt 0.012147 0.706313
vt 0.012349 0.721335
vt 0.030629 0.687767
vt 0.030629 0.706321
vt 0.021089 0.687767
vt 0.030629 0.716732
vt 0.030629 0.721539
vt 0.030629 0.723279
vt 0.021101 0.723264
vt 0.015374 0.723159
vt 0.012446 0.722899
vt 0.011328 0.722577
vt 0.010995 0.721241
vt 0.010727 0.716641
vt 0.010619 0.706310
vt 0.012138 0.687767
vt 0.010603 0.687767
vt 0.015280 0.687767
vt 0.289583 0.937214
vt 0.291902 0.937216
vt 0.291905 0.942985
vt 0.289673 0.942961
vt 0.294256 0.937198
vt 0.294146 0.942961
vt 0.291912 0.946030
vt 0.289878 0.945954
vt 0.293956 0.945954
vt 0.287649 0.927682
vt 0.289570 0.927682
vt 0.287672 0.937211
vt 0.291901 0.927682
vt 0.294371 0.927601
vt 0.297134 0.927120
vt 0.296732 0.936880
vt 0.296312 0.942764
vt 0.295748 0.945795
vt 0.295172 0.946967
vt 0.293832 0.947301
vt 0.291928 0.947460
vt 0.290029 0.947301
vt 0.288235 0.945866
vt 0.288732 0.946984
vt 0.287835 0.942938
vt 0.904016 0.027329
vt 0.901696 0.027326
vt 0.901694 0.016955
vt 0.903926 0.016977
vt 0.899367 0.027329
vt 0.899453 0.016977
vt 0.901688 0.012241
vt 0.903724 0.012316
vt 0.899645 0.012316
vt 0.905954 0.045874
vt 0.904029 0.045874
vt 0.905931 0.027332
vt 0.901696 0.045874
vt 0.899355 0.045874
vt 0.897367 0.045865
vt 0.897409 0.027327
vt 0.897584 0.017000
vt 0.897979 0.012401
vt 0.898465 0.011065
vt 0.899773 0.010758
vt 0.901677 0.010603
vt 0.903576 0.010758
vt 0.905371 0.012401
vt 0.904876 0.011065
vt 0.905770 0.017000
vt 0.903724 0.201805
vt 0.901688 0.201880
vt 0.901694 0.197166
vt 0.903926 0.197143
vt 0.899636 0.201805
vt 0.899430 0.197143
vt 0.901696 0.186795
vt 0.904016 0.186792
vt 0.899318 0.186791
vt 0.904876 0.203056
vt 0.903576 0.203364
vt 0.905371 0.201721
vt 0.901677 0.203518
vt 0.899767 0.203364
vt 0.898356 0.203053
vt 0.897822 0.201716
vt 0.897370 0.197114
vt 0.897136 0.186781
vt 0.897047 0.168236
vt 0.899278 0.168244
vt 0.901696 0.168247
vt 0.904029 0.168247
vt 0.905931 0.186790
vt 0.905954 0.168247
vt 0.905770 0.197121
vt 0.904029 0.140324
vt 0.901696 0.140324
vt 0.901696 0.107060
vt 0.904029 0.107060
vt 0.899302 0.140322
vt 0.899355 0.107060
vt 0.901696 0.073797
vt 0.904029 0.073797
vt 0.899355 0.073797
vt 0.905954 0.140324
vt 0.897100 0.140315
vt 0.897315 0.107057
vt 0.897379 0.073790
vt 0.905954 0.073797
vt 0.905954 0.107061
vt 0.021098 0.531632
vt 0.021092 0.536433
vt 0.015303 0.536452
vt 0.015347 0.531692
vt 0.021090 0.546841
vt 0.015283 0.546843
vt 0.012210 0.536495
vt 0.012349 0.531827
vt 0.012147 0.546849
vt 0.030629 0.529883
vt 0.030629 0.531623
vt 0.021101 0.529898
vt 0.030629 0.536430
vt 0.030629 0.546841
vt 0.030629 0.565395
vt 0.021089 0.565395
vt 0.015280 0.565395
vt 0.012139 0.565395
vt 0.010603 0.565395
vt 0.010619 0.546852
vt 0.010727 0.536521
vt 0.010995 0.531921
vt 0.012446 0.530263
vt 0.011328 0.530585
vt 0.015374 0.530003
vt 0.021089 0.593317
vt 0.021089 0.626581
vt 0.015280 0.626581
vt 0.015280 0.593317
vt 0.021089 0.659845
vt 0.015280 0.659845
vt 0.012139 0.626581
vt 0.012139 0.593317
vt 0.012138 0.659845
vt 0.030629 0.593317
vt 0.030629 0.626581
vt 0.030629 0.659845
vt 0.010603 0.659845
vt 0.010603 0.626581
vt 0.010603 0.593317
vt 0.870019 0.887145
vt 0.867989 0.887219
vt 0.868004 0.882506
vt 0.870230 0.882483
vt 0.865942 0.887145
vt 0.865759 0.882483
vt 0.868010 0.872135
vt 0.870323 0.872132
vt 0.865676 0.872132
vt 0.871146 0.888396
vt 0.869855 0.888703
vt 0.871649 0.887060
vt 0.867960 0.888858
vt 0.866054 0.888703
vt 0.864708 0.888403
vt 0.864157 0.887085
vt 0.863660 0.882513
vt 0.863386 0.872210
vt 0.863262 0.853691
vt 0.865664 0.853586
vt 0.868010 0.853586
vt 0.870336 0.853586
vt 0.872218 0.872129
vt 0.872241 0.853586
vt 0.872054 0.882460
vt 0.870336 0.825664
vt 0.868010 0.825664
vt 0.868010 0.792400
vt 0.870336 0.792400
vt 0.865664 0.825664
vt 0.865619 0.792401
vt 0.868010 0.759136
vt 0.870336 0.759136
vt 0.865432 0.759143
vt 0.872241 0.825664
vt 0.863119 0.825781
vt 0.862788 0.792504
vt 0.862626 0.759198
vt 0.872241 0.759136
vt 0.872241 0.792400
vt 0.462335 0.721881
vt 0.462084 0.717182
vt 0.468198 0.717046
vt 0.468323 0.721733
vt 0.461795 0.706864
vt 0.468024 0.706732
vt 0.471522 0.716913
vt 0.471506 0.721525
vt 0.471479 0.706609
vt 0.299233 0.926632
vt 0.298570 0.936551
vt 0.452421 0.722018
vt 0.452056 0.717331
vt 0.451660 0.707015
vt 0.451135 0.688532
vt 0.461396 0.688388
vt 0.467729 0.688262
vt 0.471305 0.688129
vt 0.861565 0.872342
vt 0.861176 0.853864
vt 0.473299 0.706487
vt 0.473240 0.716790
vt 0.473026 0.721364
vt 0.471561 0.723025
vt 0.472729 0.722684
vt 0.468533 0.723321
vt 0.297964 0.942542
vt 0.460894 0.660455
vt 0.460550 0.627026
vt 0.467097 0.626991
vt 0.467394 0.660356
vt 0.460781 0.593590
vt 0.467275 0.593579
vt 0.470812 0.626932
vt 0.471077 0.660246
vt 0.470907 0.593548
vt 0.450407 0.660551
vt 0.450060 0.627027
vt 0.450308 0.593572
vt 0.860427 0.759286
vt 0.860866 0.731295
vt 0.860293 0.792671
vt 0.860748 0.825982
vt 0.375086 0.659842
vt 0.375016 0.626566
vt 0.377820 0.626629
vt 0.377987 0.659911
vt 0.374919 0.593295
vt 0.377771 0.593326
vt 0.383000 0.626747
vt 0.383319 0.660036
vt 0.383014 0.593398
vt 0.895908 0.073748
vt 0.895944 0.045826
vt 0.895727 0.107023
vt 0.895504 0.140294
vt 0.895558 0.168228
vt 0.374993 0.565361
vt 0.377910 0.565381
vt 0.383263 0.565427
vt 0.391935 0.565517
vt 0.391514 0.593513
vt 0.391445 0.626900
vt 0.391899 0.660254
vt 0.383563 0.687921
vt 0.392449 0.688130
vt 0.378064 0.687818
vt 0.375070 0.687764
vt 0.404314 0.660469
vt 0.403892 0.626979
vt 0.419270 0.626971
vt 0.419596 0.660572
vt 0.404022 0.593558
vt 0.419417 0.593544
vt 0.435518 0.626982
vt 0.435820 0.660594
vt 0.435710 0.593541
vt 0.405141 0.688418
vt 0.404553 0.565585
vt 0.419987 0.565594
vt 0.436325 0.565589
vt 0.436650 0.688642
vt 0.420444 0.688618
vt 0.375333 0.721296
vt 0.375168 0.716639
vt 0.378169 0.716719
vt 0.378266 0.721458
vt 0.375084 0.706299
vt 0.378106 0.706349
vt 0.383796 0.716806
vt 0.383887 0.721574
vt 0.383717 0.706429
vt 0.374325 0.722533
vt 0.373998 0.721195
vt 0.375446 0.722856
vt 0.373737 0.716594
vt 0.373633 0.706266
vt 0.373632 0.687728
vt 0.392795 0.706594
vt 0.393012 0.716937
vt 0.393172 0.721687
vt 0.384014 0.723264
vt 0.393377 0.723354
vt 0.378358 0.723125
vt 0.406442 0.721883
vt 0.406094 0.717191
vt 0.421642 0.717411
vt 0.422084 0.722097
vt 0.405701 0.706882
vt 0.421162 0.707097
vt 0.437802 0.717448
vt 0.438241 0.722135
vt 0.437327 0.707130
vt 0.296598 0.867605
vt 0.298206 0.867389
vt 0.298999 0.880654
vt 0.297030 0.881088
vt 0.297547 0.913103
vt 0.299907 0.912448
vt 0.297532 0.896942
vt 0.299870 0.896291
vt 0.108940 0.593317
vt 0.108940 0.626581
vt 0.105798 0.626581
vt 0.105798 0.593317
vt 0.108940 0.659845
vt 0.105798 0.659845
vt 0.099989 0.626581
vt 0.099989 0.593317
vt 0.099989 0.659845
vt 0.110475 0.565395
vt 0.110475 0.593317
vt 0.108940 0.565395
vt 0.110475 0.626581
vt 0.110475 0.659845
vt 0.110475 0.687767
vt 0.108940 0.687767
vt 0.105798 0.687767
vt 0.099989 0.687767
vt 0.090449 0.687767
vt 0.090449 0.659845
vt 0.090449 0.626581
vt 0.090449 0.593317
vt 0.099989 0.565395
vt 0.090449 0.565395
vt 0.105798 0.565395
vt 0.076692 0.593317
vt 0.076692 0.626581
vt 0.060539 0.626581
vt 0.060539 0.593317
vt 0.076692 0.659845
vt 0.060539 0.659845
vt 0.044386 0.626581
vt 0.044386 0.593317
vt 0.044386 0.659845
vt 0.076692 0.565395
vt 0.076692 0.687767
vt 0.060539 0.687767
vt 0.044386 0.687767
vt 0.044386 0.565395
vt 0.060539 0.565395
vt 0.108729 0.531827
vt 0.108868 0.536495
vt 0.105775 0.536452
vt 0.105731 0.531692
vt 0.108931 0.546849
vt 0.105796 0.546843
vt 0.099986 0.536433
vt 0.099981 0.531632
vt 0.099989 0.546841
vt 0.109751 0.530585
vt 0.110083 0.531921
vt 0.108633 0.530263
vt 0.110351 0.536521
vt 0.110460 0.546852
vt 0.090449 0.546841
vt 0.090449 0.536430
vt 0.090449 0.531623
vt 0.099977 0.529898
vt 0.090449 0.529883
vt 0.105705 0.530003
vt 0.076692 0.531623
vt 0.076692 0.536430
vt 0.060539 0.536430
vt 0.060539 0.531623
vt 0.076692 0.546841
vt 0.060539 0.546841
vt 0.044386 0.536430
vt 0.044386 0.531623
vt 0.044386 0.546841
vt 0.076692 0.529883
vt 0.044386 0.529883
vt 0.060539 0.529883
vt 0.289878 0.849591
vt 0.291912 0.849514
vt 0.291905 0.852560
vt 0.289673 0.852584
vt 0.293956 0.849591
vt 0.294146 0.852583
vt 0.291902 0.858328
vt 0.289583 0.858331
vt 0.294232 0.858331
vt 0.288732 0.848561
vt 0.290029 0.848244
vt 0.288235 0.849679
vt 0.291928 0.848085
vt 0.293832 0.848244
vt 0.295142 0.848561
vt 0.295626 0.849679
vt 0.296045 0.852589
vt 0.296315 0.858243
vt 0.294276 0.867842
vt 0.291901 0.867863
vt 0.289570 0.867863
vt 0.287672 0.858334
vt 0.287649 0.867863
vt 0.287835 0.852607
vt 0.289570 0.881619
vt 0.291901 0.881619
vt 0.291901 0.897772
vt 0.289570 0.897772
vt 0.294428 0.881501
vt 0.294563 0.897567
vt 0.291901 0.913926
vt 0.289570 0.913926
vt 0.294526 0.913746
vt 0.287649 0.881619
vt 0.287649 0.913926
vt 0.287649 0.897773
vt 0.108931 0.706313
vt 0.108868 0.716667
vt 0.105775 0.716709
vt 0.105796 0.706318
vt 0.108729 0.721335
vt 0.105731 0.721469
vt 0.099986 0.716729
vt 0.099989 0.706321
vt 0.099981 0.721530
vt 0.110460 0.706310
vt 0.110351 0.716641
vt 0.110083 0.721241
vt 0.109751 0.722577
vt 0.108633 0.722899
vt 0.105705 0.723159
vt 0.099977 0.723264
vt 0.090449 0.723279
vt 0.090449 0.721539
vt 0.090449 0.716732
vt 0.090449 0.706321
vt 0.076692 0.706321
vt 0.076692 0.716732
vt 0.060539 0.716732
vt 0.060539 0.706321
vt 0.076692 0.721539
vt 0.060539 0.721539
vt 0.044386 0.716732
vt 0.044386 0.706321
vt 0.044386 0.721539
vt 0.076692 0.723279
vt 0.060539 0.723279
vt 0.044386 0.723279
vt 0.206318 0.945880
vt 0.204277 0.945957
vt 0.204275 0.942912
vt 0.206513 0.942888
vt 0.202091 0.945784
vt 0.201769 0.942713
vt 0.204260 0.937134
vt 0.206601 0.937141
vt 0.201448 0.936815
vt 0.207489 0.946910
vt 0.206184 0.947227
vt 0.207978 0.945792
vt 0.204281 0.947387
vt 0.202280 0.947163
vt 0.200751 0.946698
vt 0.200123 0.945493
vt 0.199506 0.942422
vt 0.198936 0.936430
vt 0.198101 0.926376
vt 0.201039 0.927027
vt 0.204159 0.927535
vt 0.206613 0.927609
vt 0.208531 0.937137
vt 0.208554 0.927609
vt 0.208372 0.942864
vt 0.206613 0.913853
vt 0.203979 0.913661
vt 0.203911 0.897464
vt 0.206613 0.897699
vt 0.200511 0.912928
vt 0.200324 0.896654
vt 0.204059 0.881407
vt 0.206613 0.881546
vt 0.200764 0.880785
vt 0.208554 0.913852
vt 0.197070 0.911952
vt 0.196793 0.895620
vt 0.197658 0.880026
vt 0.208554 0.881546
vt 0.208554 0.897699
vt 0.375097 0.546811
vt 0.375234 0.536456
vt 0.378201 0.536421
vt 0.378088 0.546815
vt 0.375428 0.531789
vt 0.378306 0.531661
vt 0.383729 0.536420
vt 0.383552 0.546842
vt 0.383829 0.531617
vt 0.895694 0.186779
vt 0.895991 0.197135
vt 0.373856 0.536480
vt 0.374168 0.531881
vt 0.374530 0.530546
vt 0.375597 0.530226
vt 0.378424 0.529973
vt 0.383953 0.529883
vt 0.393103 0.529897
vt 0.392859 0.531651
vt 0.392674 0.536472
vt 0.392380 0.546911
vt 0.405116 0.547006
vt 0.405517 0.536564
vt 0.421048 0.536624
vt 0.420615 0.547041
vt 0.405775 0.531736
vt 0.421318 0.531811
vt 0.437376 0.536636
vt 0.436947 0.547047
vt 0.437647 0.531825
vt 0.406160 0.529967
vt 0.195823 0.879631
vt 0.194871 0.895168
vt 0.195147 0.911500
vt 0.196279 0.925990
vt 0.340904 0.547023
vt 0.341224 0.536582
vt 0.347430 0.536578
vt 0.347202 0.546994
vt 0.341424 0.531763
vt 0.347537 0.531807
vt 0.350757 0.536610
vt 0.350634 0.546979
vt 0.350721 0.531937
vt 0.330053 0.565598
vt 0.330609 0.547045
vt 0.340444 0.565600
vt 0.330995 0.536619
vt 0.331257 0.531791
vt 0.331634 0.530020
vt 0.341682 0.530011
vt 0.347671 0.530112
vt 0.350738 0.530372
vt 0.351939 0.530695
vt 0.352218 0.532032
vt 0.352415 0.536632
vt 0.352426 0.546967
vt 0.350338 0.565560
vt 0.352260 0.565527
vt 0.346819 0.565586
vt 0.903477 0.712668
vt 0.901164 0.712665
vt 0.901158 0.702294
vt 0.903384 0.702317
vt 0.898605 0.712674
vt 0.898753 0.702322
vt 0.901144 0.697581
vt 0.903173 0.697655
vt 0.898983 0.697658
vt 0.905395 0.731214
vt 0.903490 0.731214
vt 0.905372 0.712671
vt 0.901165 0.731214
vt 0.898534 0.731222
vt 0.895942 0.731252
vt 0.896213 0.712691
vt 0.896503 0.702355
vt 0.896993 0.697752
vt 0.897558 0.696414
vt 0.899106 0.696100
vt 0.901115 0.695942
vt 0.903009 0.696097
vt 0.904803 0.697740
vt 0.904300 0.696404
vt 0.905208 0.702340
vt 0.264490 0.858332
vt 0.262163 0.858329
vt 0.262164 0.852561
vt 0.264402 0.852584
vt 0.259578 0.858162
vt 0.259839 0.852526
vt 0.262166 0.849515
vt 0.264207 0.849591
vt 0.260104 0.849576
vt 0.266443 0.867863
vt 0.264502 0.867863
vt 0.266420 0.858334
vt 0.262125 0.867839
vt 0.259199 0.867456
vt 0.256638 0.867049
vt 0.257250 0.857902
vt 0.257721 0.852376
vt 0.258280 0.849553
vt 0.258858 0.848490
vt 0.260262 0.848240
vt 0.262170 0.848085
vt 0.264073 0.848244
vt 0.265867 0.849679
vt 0.265378 0.848561
vt 0.266261 0.852607
vt 0.592446 0.643934
vt 0.592448 0.654343
vt 0.586659 0.654323
vt 0.586639 0.643932
vt 0.592454 0.659143
vt 0.586703 0.659083
vt 0.583566 0.654280
vt 0.583503 0.643927
vt 0.583705 0.658948
vt 0.601985 0.625381
vt 0.601985 0.643935
vt 0.592445 0.625381
vt 0.601985 0.654346
vt 0.601985 0.659152
vt 0.601985 0.660893
vt 0.592457 0.660878
vt 0.586730 0.660772
vt 0.583802 0.660513
vt 0.582684 0.660190
vt 0.582351 0.658854
vt 0.582083 0.654254
vt 0.581975 0.643923
vt 0.583494 0.625381
vt 0.581959 0.625381
vt 0.586636 0.625381
vt 0.356510 0.937214
vt 0.358829 0.937216
vt 0.358832 0.942985
vt 0.356601 0.942961
vt 0.361183 0.937198
vt 0.361073 0.942961
vt 0.358840 0.946030
vt 0.356805 0.945954
vt 0.360883 0.945954
vt 0.354576 0.927682
vt 0.356497 0.927682
vt 0.354599 0.937211
vt 0.358828 0.927682
vt 0.361298 0.927601
vt 0.364061 0.927120
vt 0.363659 0.936880
vt 0.363239 0.942764
vt 0.362675 0.945795
vt 0.362100 0.946967
vt 0.360759 0.947301
vt 0.358855 0.947460
vt 0.356956 0.947301
vt 0.355162 0.945866
vt 0.355659 0.946984
vt 0.354762 0.942938
vt 0.904016 0.241450
vt 0.901696 0.241447
vt 0.901694 0.231076
vt 0.903926 0.231099
vt 0.899367 0.241450
vt 0.899453 0.231099
vt 0.901688 0.226362
vt 0.903724 0.226437
vt 0.899645 0.226437
vt 0.905954 0.259995
vt 0.904029 0.259995
vt 0.905931 0.241453
vt 0.901696 0.259995
vt 0.899355 0.259995
vt 0.897367 0.259986
vt 0.897409 0.241448
vt 0.897584 0.231121
vt 0.897979 0.226522
vt 0.898465 0.225186
vt 0.899773 0.224879
vt 0.901677 0.224724
vt 0.903576 0.224879
vt 0.905371 0.226522
vt 0.904876 0.225186
vt 0.905770 0.231122
vt 0.903724 0.415927
vt 0.901688 0.416001
vt 0.901694 0.411287
vt 0.903926 0.411265
vt 0.899636 0.415926
vt 0.899430 0.411264
vt 0.901696 0.400916
vt 0.904016 0.400913
vt 0.899318 0.400912
vt 0.904876 0.417178
vt 0.903576 0.417485
vt 0.905371 0.415842
vt 0.901677 0.417639
vt 0.899767 0.417485
vt 0.898356 0.417174
vt 0.897822 0.415837
vt 0.897370 0.411236
vt 0.897136 0.400902
vt 0.897047 0.382358
vt 0.899278 0.382366
vt 0.901696 0.382368
vt 0.904029 0.382368
vt 0.905931 0.400911
vt 0.905954 0.382368
vt 0.905770 0.411242
vt 0.904029 0.354445
vt 0.901696 0.354445
vt 0.901696 0.321182
vt 0.904029 0.321182
vt 0.899302 0.354444
vt 0.899355 0.321182
vt 0.901696 0.287918
vt 0.904029 0.287918
vt 0.899355 0.287918
vt 0.905954 0.354445
vt 0.897100 0.354436
vt 0.897315 0.321178
vt 0.897379 0.287912
vt 0.905954 0.287918
vt 0.905954 0.321182
vt 0.592454 0.469245
vt 0.592448 0.474046
vt 0.586659 0.474066
vt 0.586703 0.469306
vt 0.592446 0.484454
vt 0.586639 0.484457
vt 0.583566 0.474108
vt 0.583705 0.469441
vt 0.583503 0.484462
vt 0.601985 0.467496
vt 0.601985 0.469237
vt 0.592457 0.467511
vt 0.601985 0.474043
vt 0.601985 0.484454
vt 0.601985 0.503008
vt 0.592445 0.503008
vt 0.586636 0.503008
vt 0.583494 0.503008
vt 0.581959 0.503008
vt 0.581975 0.484465
vt 0.582083 0.474134
vt 0.582351 0.469534
vt 0.583802 0.467876
vt 0.582684 0.468199
vt 0.586730 0.467616
vt 0.592445 0.530931
vt 0.592445 0.564194
vt 0.586636 0.564194
vt 0.586636 0.530931
vt 0.592445 0.597458
vt 0.586636 0.597458
vt 0.583494 0.564194
vt 0.583494 0.530931
vt 0.583494 0.597458
vt 0.601985 0.530931
vt 0.601985 0.564194
vt 0.601985 0.597458
vt 0.581959 0.597458
vt 0.581959 0.564194
vt 0.581959 0.530931
vt 0.903173 0.887145
vt 0.901144 0.887219
vt 0.901158 0.882506
vt 0.903384 0.882483
vt 0.899097 0.887145
vt 0.898913 0.882483
vt 0.901164 0.872135
vt 0.903477 0.872132
vt 0.898830 0.872132
vt 0.904300 0.888396
vt 0.903009 0.888703
vt 0.904803 0.887060
vt 0.901115 0.888858
vt 0.899208 0.888703
vt 0.897862 0.888403
vt 0.897311 0.887085
vt 0.896814 0.882513
vt 0.896540 0.872210
vt 0.896416 0.853691
vt 0.898818 0.853586
vt 0.901165 0.853586
vt 0.903490 0.853586
vt 0.905372 0.872129
vt 0.905395 0.853586
vt 0.905208 0.882460
vt 0.903490 0.825664
vt 0.901165 0.825664
vt 0.901165 0.792400
vt 0.903490 0.792400
vt 0.898819 0.825664
vt 0.898774 0.792401
vt 0.901165 0.759136
vt 0.903490 0.759136
vt 0.898587 0.759143
vt 0.905395 0.825664
vt 0.896273 0.825781
vt 0.895942 0.792504
vt 0.895780 0.759198
vt 0.905395 0.759136
vt 0.905395 0.792400
vt 0.341463 0.721881
vt 0.341212 0.717182
vt 0.347326 0.717046
vt 0.347450 0.721733
vt 0.340922 0.706864
vt 0.347151 0.706732
vt 0.350649 0.716913
vt 0.350633 0.721525
vt 0.350607 0.706609
vt 0.366160 0.926632
vt 0.365497 0.936551
vt 0.331548 0.722018
vt 0.331183 0.717331
vt 0.330788 0.707015
vt 0.330263 0.688532
vt 0.340523 0.688388
vt 0.346856 0.688262
vt 0.350432 0.688129
vt 0.894719 0.872342
vt 0.894330 0.853864
vt 0.352426 0.706487
vt 0.352368 0.716790
vt 0.352153 0.721364
vt 0.350689 0.723025
vt 0.351857 0.722684
vt 0.347660 0.723321
vt 0.364891 0.942542
vt 0.340021 0.660455
vt 0.339678 0.627026
vt 0.346224 0.626991
vt 0.346521 0.660356
vt 0.339909 0.593590
vt 0.346402 0.593579
vt 0.349939 0.626932
vt 0.350205 0.660246
vt 0.350035 0.593548
vt 0.329534 0.660551
vt 0.329187 0.627027
vt 0.329435 0.593572
vt 0.893581 0.759286
vt 0.894020 0.731295
vt 0.893447 0.792671
vt 0.893902 0.825982
vt 0.254213 0.659842
vt 0.254143 0.626566
vt 0.256948 0.626629
vt 0.257114 0.659911
vt 0.254046 0.593295
vt 0.256898 0.593326
vt 0.262128 0.626747
vt 0.262447 0.660036
vt 0.262141 0.593398
vt 0.895908 0.287869
vt 0.895944 0.259947
vt 0.895727 0.321144
vt 0.895504 0.354415
vt 0.895558 0.382349
vt 0.254120 0.565361
vt 0.257037 0.565381
vt 0.262390 0.565427
vt 0.271062 0.565517
vt 0.270641 0.593513
vt 0.270572 0.626900
vt 0.271027 0.660254
vt 0.262690 0.687921
vt 0.271576 0.688130
vt 0.257191 0.687818
vt 0.254197 0.687764
vt 0.283441 0.660469
vt 0.283020 0.626979
vt 0.298397 0.626971
vt 0.298723 0.660572
vt 0.283150 0.593558
vt 0.298545 0.593544
vt 0.314645 0.626982
vt 0.314947 0.660594
vt 0.314837 0.593541
vt 0.284269 0.688418
vt 0.283680 0.565585
vt 0.299115 0.565594
vt 0.315453 0.565589
vt 0.315777 0.688642
vt 0.299571 0.688618
vt 0.254461 0.721296
vt 0.254295 0.716639
vt 0.257297 0.716719
vt 0.257394 0.721458
vt 0.254211 0.706299
vt 0.257234 0.706349
vt 0.262923 0.716806
vt 0.263014 0.721574
vt 0.262845 0.706429
vt 0.253453 0.722533
vt 0.253125 0.721195
vt 0.254573 0.722856
vt 0.252864 0.716594
vt 0.252761 0.706266
vt 0.252759 0.687728
vt 0.271922 0.706594
vt 0.272139 0.716937
vt 0.272300 0.721687
vt 0.263141 0.723264
vt 0.272504 0.723354
vt 0.257485 0.723125
vt 0.285570 0.721883
vt 0.285221 0.717191
vt 0.300769 0.717412
vt 0.301211 0.722097
vt 0.284828 0.706882
vt 0.300289 0.707097
vt 0.316929 0.717448
vt 0.317368 0.722135
vt 0.316454 0.707130
vt 0.363525 0.867605
vt 0.365133 0.867389
vt 0.365926 0.880654
vt 0.363957 0.881088
vt 0.364474 0.913103
vt 0.366834 0.912448
vt 0.364459 0.896942
vt 0.366797 0.896291
vt 0.680296 0.530931
vt 0.680296 0.564194
vt 0.677154 0.564194
vt 0.677154 0.530931
vt 0.680296 0.597458
vt 0.677154 0.597458
vt 0.671345 0.564194
vt 0.671345 0.530931
vt 0.671345 0.597458
vt 0.681831 0.503008
vt 0.681831 0.530931
vt 0.680296 0.503008
vt 0.681831 0.564194
vt 0.681831 0.597458
vt 0.681831 0.625381
vt 0.680296 0.625381
vt 0.677154 0.625381
vt 0.671345 0.625381
vt 0.661805 0.625381
vt 0.661805 0.597458
vt 0.661805 0.564194
vt 0.661805 0.530931
vt 0.671345 0.503008
vt 0.661805 0.503008
vt 0.677154 0.503008
vt 0.648048 0.530931
vt 0.648048 0.564194
vt 0.631895 0.564194
vt 0.631895 0.530931
vt 0.648048 0.597458
vt 0.631895 0.597458
vt 0.615742 0.564194
vt 0.615742 0.530931
vt 0.615742 0.597458
vt 0.648048 0.503008
vt 0.648048 0.625381
vt 0.631895 0.625381
vt 0.615742 0.625381
vt 0.615742 0.503008
vt 0.631895 0.503008
vt 0.680085 0.469441
vt 0.680224 0.474109
vt 0.677131 0.474066
vt 0.677087 0.469306
vt 0.680287 0.484462
vt 0.677152 0.484457
vt 0.671342 0.474046
vt 0.671337 0.469245
vt 0.671345 0.484454
vt 0.681107 0.468199
vt 0.681439 0.469534
vt 0.679989 0.467876
vt 0.681707 0.474134
vt 0.681816 0.484465
vt 0.661805 0.484454
vt 0.661805 0.474043
vt 0.661805 0.469237
vt 0.671333 0.467511
vt 0.661805 0.467496
vt 0.677061 0.467616
vt 0.648048 0.469237
vt 0.648048 0.474043
vt 0.631895 0.474043
vt 0.631895 0.469237
vt 0.648048 0.484454
vt 0.631895 0.484454
vt 0.615742 0.474043
vt 0.615742 0.469237
vt 0.615742 0.484454
vt 0.648048 0.467496
vt 0.615742 0.467496
vt 0.631895 0.467496
vt 0.356805 0.849591
vt 0.358840 0.849514
vt 0.358832 0.852560
vt 0.356601 0.852583
vt 0.360883 0.849591
vt 0.361073 0.852583
vt 0.358829 0.858328
vt 0.356510 0.858331
vt 0.361159 0.858331
vt 0.355659 0.848561
vt 0.356956 0.848244
vt 0.355162 0.849679
vt 0.358855 0.848085
vt 0.360759 0.848244
vt 0.362069 0.848561
vt 0.362553 0.849679
vt 0.362972 0.852589
vt 0.363242 0.858243
vt 0.361203 0.867842
vt 0.358828 0.867863
vt 0.356497 0.867863
vt 0.354599 0.858334
vt 0.354576 0.867863
vt 0.354762 0.852607
vt 0.356497 0.881619
vt 0.358828 0.881619
vt 0.358828 0.897772
vt 0.356497 0.897772
vt 0.361355 0.881501
vt 0.361490 0.897567
vt 0.358828 0.913926
vt 0.356497 0.913926
vt 0.361453 0.913746
vt 0.354576 0.881619
vt 0.354576 0.913926
vt 0.354576 0.897772
vt 0.680287 0.643927
vt 0.680224 0.654280
vt 0.677131 0.654323
vt 0.677152 0.643932
vt 0.680085 0.658948
vt 0.677087 0.659083
vt 0.671342 0.654343
vt 0.671345 0.643934
vt 0.671337 0.659143
vt 0.681816 0.643923
vt 0.681707 0.654254
vt 0.681439 0.658854
vt 0.681107 0.660190
vt 0.679989 0.660513
vt 0.677061 0.660772
vt 0.671333 0.660878
vt 0.661805 0.660893
vt 0.661805 0.659152
vt 0.661805 0.654346
vt 0.661805 0.643935
vt 0.648048 0.643935
vt 0.648048 0.654346
vt 0.631895 0.654346
vt 0.631895 0.643935
vt 0.648048 0.659152
vt 0.631895 0.659152
vt 0.615742 0.654346
vt 0.615742 0.643935
vt 0.615742 0.659152
vt 0.648048 0.660893
vt 0.631895 0.660893
vt 0.615742 0.660893
vt 0.264207 0.945954
vt 0.262166 0.946031
vt 0.262164 0.942986
vt 0.264402 0.942962
vt 0.259979 0.945858
vt 0.259658 0.942787
vt 0.262149 0.937208
vt 0.264490 0.937214
vt 0.259337 0.936888
vt 0.265378 0.946984
vt 0.264073 0.947301
vt 0.265867 0.945866
vt 0.262170 0.947460
vt 0.260169 0.947236
vt 0.258639 0.946772
vt 0.258012 0.945567
vt 0.257395 0.942495
vt 0.256825 0.936503
vt 0.255990 0.926449
vt 0.258928 0.927100
vt 0.262048 0.927608
vt 0.264502 0.927683
vt 0.266420 0.937211
vt 0.266443 0.927683
vt 0.266261 0.942938
vt 0.264502 0.913926
vt 0.261868 0.913735
vt 0.261800 0.897538
vt 0.264502 0.897773
vt 0.258400 0.913002
vt 0.258213 0.896727
vt 0.261948 0.881481
vt 0.264502 0.881620
vt 0.258653 0.880859
vt 0.266443 0.913926
vt 0.254959 0.912026
vt 0.254682 0.895694
vt 0.255547 0.880099
vt 0.266443 0.881619
vt 0.266443 0.897773
vt 0.254224 0.546811
vt 0.254361 0.536456
vt 0.257328 0.536421
vt 0.257215 0.546815
vt 0.254555 0.531789
vt 0.257433 0.531661
vt 0.262857 0.536420
vt 0.262679 0.546842
vt 0.262956 0.531617
vt 0.895694 0.400900
vt 0.895991 0.411256
vt 0.252983 0.536480
vt 0.253295 0.531881
vt 0.253658 0.530546
vt 0.254725 0.530226
vt 0.257551 0.529973
vt 0.263080 0.529882
vt 0.272230 0.529897
vt 0.271986 0.531651
vt 0.271801 0.536472
vt 0.271507 0.546911
vt 0.284243 0.547006
vt 0.284644 0.536564
vt 0.300175 0.536624
vt 0.299742 0.547041
vt 0.284903 0.531736
vt 0.300445 0.531811
vt 0.316503 0.536636
vt 0.316074 0.547047
vt 0.316775 0.531825
vt 0.285287 0.529967
vt 0.253712 0.879705
vt 0.252759 0.895242
vt 0.253036 0.911574
vt 0.254167 0.926063
vt 0.425621 0.867474
vt 0.421521 0.867474
vt 0.421522 0.854134
vt 0.425446 0.854218
vt 0.417434 0.867474
vt 0.417610 0.854218
vt 0.418461 0.848946
vt 0.421529 0.848085
vt 0.424602 0.848946
vt 0.732985 0.394218
vt 0.728920 0.394218
vt 0.728915 0.385614
vt 0.732806 0.385665
vt 0.724798 0.394218
vt 0.724970 0.385665
vt 0.725803 0.382408
vt 0.728885 0.381889
vt 0.731943 0.382408
vt 0.775803 0.958327
vt 0.779872 0.958327
vt 0.779876 0.971667
vt 0.775981 0.971582
vt 0.783989 0.958327
vt 0.783817 0.971582
vt 0.782982 0.976854
vt 0.779902 0.977716
vt 0.776843 0.976854
vt 0.897868 0.922394
vt 0.893851 0.922393
vt 0.893839 0.913789
vt 0.897684 0.913841
vt 0.889686 0.922394
vt 0.889853 0.913841
vt 0.890660 0.910583
vt 0.893760 0.910064
vt 0.896796 0.910583
vt 0.023204 0.764323
vt 0.014548 0.764323
vt 0.014574 0.750941
vt 0.023204 0.750898
vt 0.010603 0.764323
vt 0.010738 0.751068
vt 0.011393 0.745796
vt 0.014651 0.744710
vt 0.023204 0.744485
vt 0.340040 0.764386
vt 0.331386 0.764387
vt 0.331413 0.751006
vt 0.340041 0.750962
vt 0.327448 0.764398
vt 0.327584 0.751145
vt 0.328242 0.745878
vt 0.331496 0.744786
vt 0.340049 0.744560
vt 0.340049 0.826879
vt 0.331496 0.826655
vt 0.331413 0.820414
vt 0.340041 0.820455
vt 0.328242 0.825574
vt 0.327584 0.820297
vt 0.327448 0.807041
vt 0.331386 0.807030
vt 0.340040 0.807028
vt 0.331386 0.785709
vt 0.340040 0.785707
vt 0.327448 0.785720
vt 0.023204 0.826805
vt 0.014651 0.826580
vt 0.014574 0.820350
vt 0.023204 0.820392
vt 0.011393 0.825494
vt 0.010738 0.820222
vt 0.010603 0.806967
vt 0.014548 0.806967
vt 0.023204 0.806967
vt 0.014548 0.785645
vt 0.023204 0.785645
vt 0.010603 0.785645
vt 0.776843 0.897156
vt 0.779902 0.896294
vt 0.779876 0.902343
vt 0.775981 0.902428
vt 0.782982 0.897156
vt 0.783817 0.902428
vt 0.783989 0.915683
vt 0.779872 0.915683
vt 0.775803 0.915683
vt 0.779872 0.937005
vt 0.775803 0.937005
vt 0.783989 0.937005
vt 0.424602 0.928644
vt 0.421529 0.929506
vt 0.421522 0.923458
vt 0.425447 0.923372
vt 0.418461 0.928644
vt 0.417610 0.923372
vt 0.417434 0.910117
vt 0.421521 0.910118
vt 0.425621 0.910117
vt 0.421521 0.888796
vt 0.425621 0.888795
vt 0.417434 0.888795
vt 0.064086 0.806967
vt 0.060141 0.806967
vt 0.060141 0.785645
vt 0.064086 0.785645
vt 0.051485 0.806967
vt 0.051485 0.785645
vt 0.051485 0.764323
vt 0.060141 0.764323
vt 0.064086 0.764323
vt 0.037344 0.806967
vt 0.037344 0.785645
vt 0.037344 0.764323
vt 0.063296 0.825494
vt 0.060038 0.826580
vt 0.060115 0.820350
vt 0.063951 0.820222
vt 0.051485 0.826805
vt 0.051485 0.820392
vt 0.037344 0.826805
vt 0.037344 0.820392
vt 0.380930 0.807040
vt 0.376978 0.807029
vt 0.376978 0.785708
vt 0.380930 0.785719
vt 0.368322 0.807028
vt 0.368322 0.785706
vt 0.368322 0.764385
vt 0.376978 0.764386
vt 0.380930 0.764397
vt 0.354181 0.807028
vt 0.354181 0.785707
vt 0.354181 0.764385
vt 0.380144 0.825573
vt 0.376883 0.826654
vt 0.376953 0.820413
vt 0.380796 0.820296
vt 0.368330 0.826878
vt 0.368323 0.820454
vt 0.354189 0.826878
vt 0.354182 0.820455
vt 0.376953 0.751005
vt 0.380796 0.751143
vt 0.368323 0.750962
vt 0.368330 0.744560
vt 0.376883 0.744785
vt 0.380144 0.745877
vt 0.354182 0.750962
vt 0.354189 0.744560
vt 0.060115 0.750941
vt 0.063951 0.751068
vt 0.051485 0.750898
vt 0.051485 0.744485
vt 0.060038 0.744710
vt 0.063296 0.745796
vt 0.037344 0.750898
vt 0.037344 0.744485
vt 0.896796 0.962486
vt 0.893760 0.963005
vt 0.893839 0.959279
vt 0.897684 0.959228
vt 0.890660 0.962486
vt 0.889853 0.959228
vt 0.889686 0.950675
vt 0.893851 0.950675
vt 0.897868 0.950675
vt 0.893851 0.936534
vt 0.897868 0.936534
vt 0.889686 0.936534
vt 0.731943 0.434311
vt 0.728885 0.434830
vt 0.728915 0.431104
vt 0.732806 0.431053
vt 0.725803 0.434311
vt 0.724970 0.431053
vt 0.724798 0.422500
vt 0.728920 0.422499
vt 0.732985 0.422500
vt 0.728920 0.408359
vt 0.732985 0.408359
vt 0.724798 0.408359
vt 0.396227 0.867474
vt 0.392128 0.867474
vt 0.392128 0.854134
vt 0.396053 0.854218
vt 0.388040 0.867474
vt 0.388216 0.854218
vt 0.389067 0.848946
vt 0.392135 0.848085
vt 0.395208 0.848946
vt 0.762378 0.394218
vt 0.758313 0.394218
vt 0.758308 0.385614
vt 0.762199 0.385665
vt 0.754191 0.394218
vt 0.754363 0.385665
vt 0.755196 0.382408
vt 0.758278 0.381888
vt 0.761336 0.382408
vt 0.981211 0.860602
vt 0.985280 0.860602
vt 0.985284 0.873942
vt 0.981389 0.873857
vt 0.989397 0.860602
vt 0.989224 0.873857
vt 0.988390 0.879129
vt 0.985309 0.879991
vt 0.982250 0.879129
vt 0.651698 0.922875
vt 0.647681 0.922875
vt 0.647670 0.914271
vt 0.651515 0.914322
vt 0.643516 0.922875
vt 0.643683 0.914322
vt 0.644490 0.911065
vt 0.647590 0.910545
vt 0.650626 0.911065
vt 0.097893 0.764323
vt 0.089237 0.764323
vt 0.089263 0.750941
vt 0.097893 0.750898
vt 0.085292 0.764323
vt 0.085427 0.751068
vt 0.086082 0.745796
vt 0.089340 0.744710
vt 0.097893 0.744485
vt 0.414729 0.764386
vt 0.406075 0.764387
vt 0.406101 0.751006
vt 0.414730 0.750962
vt 0.402136 0.764398
vt 0.402272 0.751144
vt 0.402930 0.745878
vt 0.406185 0.744786
vt 0.414737 0.744560
vt 0.414737 0.826879
vt 0.406185 0.826655
vt 0.406101 0.820414
vt 0.414730 0.820455
vt 0.402930 0.825574
vt 0.402272 0.820297
vt 0.402136 0.807041
vt 0.406075 0.807030
vt 0.414729 0.807028
vt 0.406075 0.785709
vt 0.414729 0.785707
vt 0.402136 0.785720
vt 0.097893 0.826805
vt 0.089340 0.826580
vt 0.089263 0.820350
vt 0.097893 0.820392
vt 0.086082 0.825494
vt 0.085427 0.820222
vt 0.085292 0.806967
vt 0.089237 0.806967
vt 0.097893 0.806967
vt 0.089237 0.785645
vt 0.097893 0.785645
vt 0.085292 0.785645
vt 0.982250 0.799432
vt 0.985309 0.798570
vt 0.985284 0.804618
vt 0.981389 0.804703
vt 0.988390 0.799432
vt 0.989224 0.804703
vt 0.989397 0.817959
vt 0.985280 0.817959
vt 0.981211 0.817959
vt 0.985280 0.839280
vt 0.981211 0.839280
vt 0.989397 0.839280
vt 0.395208 0.928644
vt 0.392135 0.929506
vt 0.392128 0.923458
vt 0.396053 0.923372
vt 0.389067 0.928644
vt 0.388216 0.923372
vt 0.388040 0.910117
vt 0.392128 0.910118
vt 0.396227 0.910117
vt 0.392128 0.888796
vt 0.396227 0.888795
vt 0.388040 0.888795
vt 0.138775 0.806967
vt 0.134830 0.806967
vt 0.134830 0.785645
vt 0.138775 0.785645
vt 0.126174 0.806967
vt 0.126174 0.785645
vt 0.126174 0.764323
vt 0.134830 0.764323
vt 0.138775 0.764323
vt 0.112033 0.806967
vt 0.112033 0.785645
vt 0.112033 0.764323
vt 0.137985 0.825494
vt 0.134727 0.826580
vt 0.134804 0.820350
vt 0.138639 0.820222
vt 0.126174 0.826805
vt 0.126174 0.820392
vt 0.112033 0.826805
vt 0.112033 0.820392
vt 0.455619 0.807040
vt 0.451667 0.807029
vt 0.451667 0.785708
vt 0.455619 0.785719
vt 0.443010 0.807028
vt 0.443010 0.785706
vt 0.443010 0.764385
vt 0.451667 0.764386
vt 0.455619 0.764397
vt 0.428870 0.807028
vt 0.428870 0.785707
vt 0.428870 0.764385
vt 0.454833 0.825573
vt 0.451572 0.826654
vt 0.451642 0.820413
vt 0.455484 0.820296
vt 0.443018 0.826878
vt 0.443011 0.820454
vt 0.428878 0.826878
vt 0.428871 0.820455
vt 0.451642 0.751005
vt 0.455484 0.751143
vt 0.443011 0.750962
vt 0.443018 0.744560
vt 0.451572 0.744785
vt 0.454833 0.745877
vt 0.428871 0.750962
vt 0.428878 0.744560
vt 0.134804 0.750941
vt 0.138639 0.751068
vt 0.126174 0.750898
vt 0.126174 0.744485
vt 0.134727 0.744710
vt 0.137985 0.745796
vt 0.112033 0.750898
vt 0.112033 0.744485
vt 0.650626 0.962967
vt 0.647590 0.963487
vt 0.647670 0.959761
vt 0.651515 0.959710
vt 0.644490 0.962967
vt 0.643683 0.959710
vt 0.643516 0.951157
vt 0.647681 0.951156
vt 0.651698 0.951157
vt 0.647681 0.937016
vt 0.651698 0.937016
vt 0.643516 0.937016
vt 0.761336 0.434311
vt 0.758278 0.434830
vt 0.758308 0.431104
vt 0.762199 0.431053
vt 0.755196 0.434311
vt 0.754363 0.431053
vt 0.754191 0.422500
vt 0.758313 0.422499
vt 0.762378 0.422500
vt 0.758313 0.408359
vt 0.762378 0.408359
vt 0.754191 0.408359
vt 0.132236 0.010603
vt 0.132236 0.280230
vt 0.010603 0.280230
vt 0.010603 0.010603
vt 0.839087 0.737123
vt 0.823910 0.737123
vt 0.823910 0.467496
vt 0.839087 0.467496
vt 0.801532 0.423069
vt 0.786355 0.423069
vt 0.786355 0.301436
vt 0.801532 0.301436
vt 0.275075 0.010603
vt 0.275075 0.280230
vt 0.153442 0.280230
vt 0.153442 0.010603
vt 0.837915 0.423069
vt 0.822738 0.423069
vt 0.822738 0.301436
vt 0.837915 0.301436
vt 0.874298 0.280230
vt 0.859121 0.280230
vt 0.859121 0.010603
vt 0.874298 0.010603
vt 0.417914 0.010603
vt 0.417914 0.280230
vt 0.296281 0.280230
vt 0.296281 0.010603
vt 0.801532 0.280230
vt 0.786355 0.280230
vt 0.786355 0.010603
vt 0.801532 0.010603
vt 0.874298 0.423069
vt 0.859121 0.423069
vt 0.859121 0.301436
vt 0.874298 0.301436
vt 0.560753 0.010603
vt 0.560753 0.280230
vt 0.439120 0.280230
vt 0.439120 0.010603
vt 0.597136 0.946571
vt 0.581959 0.946571
vt 0.581959 0.824938
vt 0.597136 0.824938
vt 0.837915 0.280230
vt 0.822738 0.280230
vt 0.822738 0.010603
vt 0.837915 0.010603
vt 0.275075 0.301436
vt 0.275075 0.508676
vt 0.153442 0.508676
vt 0.153442 0.301436
vt 0.860293 0.467496
vt 0.875470 0.467496
vt 0.875470 0.674736
vt 0.860293 0.674736
vt 0.010603 0.848011
vt 0.025780 0.848011
vt 0.025780 0.969644
vt 0.010603 0.969644
vt 0.296281 0.508676
vt 0.296281 0.301436
vt 0.417914 0.301436
vt 0.417914 0.508676
vt 0.136852 0.969644
vt 0.121675 0.969644
vt 0.121675 0.848011
vt 0.136852 0.848011
vt 0.658693 0.889339
vt 0.643516 0.889339
vt 0.643516 0.682099
vt 0.658693 0.682099
vt 0.132236 0.301436
vt 0.132236 0.508676
vt 0.010603 0.508676
vt 0.010603 0.301436
vt 0.494505 0.529883
vt 0.534856 0.529883
vt 0.534856 0.737123
vt 0.494505 0.737123
vt 0.724798 0.239050
vt 0.765149 0.239050
vt 0.765149 0.360682
vt 0.724798 0.360682
vt 0.439120 0.508676
vt 0.439120 0.301436
vt 0.560753 0.301436
vt 0.560753 0.508676
vt 0.622310 0.803732
vt 0.581959 0.803732
vt 0.581959 0.682099
vt 0.622310 0.682099
vt 0.765149 0.217843
vt 0.724798 0.217843
vt 0.724798 0.010603
vt 0.765149 0.010603
vt 0.703592 0.010603
vt 0.703592 0.217843
vt 0.581959 0.217843
vt 0.581959 0.010603
vt 0.703037 0.682173
vt 0.718214 0.682173
vt 0.718214 0.889414
vt 0.703037 0.889414
vt 0.046986 0.848011
vt 0.062163 0.848011
vt 0.062163 0.969644
vt 0.046986 0.969644
vt 0.581959 0.446290
vt 0.581959 0.239049
vt 0.703592 0.239049
vt 0.703592 0.446290
vt 0.100469 0.969644
vt 0.085292 0.969644
vt 0.085292 0.848011
vt 0.100469 0.848011
vt 0.754597 0.889414
vt 0.739420 0.889414
vt 0.739420 0.682173
vt 0.754597 0.682173
vt 0.930210 0.441775
vt 0.930210 0.236792
vt 0.933259 0.236792
vt 0.933259 0.441775
vt 0.954465 0.441775
vt 0.954465 0.236792
vt 0.957515 0.236792
vt 0.957515 0.441775
vt 0.960564 0.236792
vt 0.960564 0.441775
vt 0.926602 0.900925
vt 0.926602 0.695942
vt 0.929651 0.695942
vt 0.929651 0.900925
vt 0.932700 0.695942
vt 0.932700 0.900925
vt 0.955637 0.672479
vt 0.955637 0.467496
vt 0.958686 0.467496
vt 0.958686 0.672479
vt 0.711005 0.912953
vt 0.711005 0.916254
vt 0.708672 0.918588
vt 0.705371 0.918588
vt 0.703037 0.916254
vt 0.703037 0.912953
vt 0.705371 0.910620
vt 0.708672 0.910620
vt 0.961735 0.467496
vt 0.961735 0.672479
vt 0.927161 0.441775
vt 0.927161 0.236792
vt 0.711005 0.945428
vt 0.708672 0.947762
vt 0.705371 0.947762
vt 0.703037 0.945428
vt 0.703037 0.942128
vt 0.705371 0.939794
vt 0.708672 0.939794
vt 0.711005 0.942128
vt 0.930210 0.215586
vt 0.930210 0.010603
vt 0.933259 0.010603
vt 0.933259 0.215586
vt 0.494505 0.963312
vt 0.494505 0.758329
vt 0.497554 0.758329
vt 0.497554 0.963312
vt 0.500603 0.758329
vt 0.500603 0.963312
vt 0.954465 0.215586
vt 0.954465 0.010603
vt 0.957515 0.010603
vt 0.957515 0.215586
vt 0.960564 0.010603
vt 0.960564 0.215586
vt 0.521810 0.963312
vt 0.521810 0.758329
vt 0.524859 0.758329
vt 0.524859 0.963312
vt 0.734545 0.947762
vt 0.732211 0.945428
vt 0.732211 0.942128
vt 0.734545 0.939794
vt 0.737846 0.939794
vt 0.740180 0.942128
vt 0.740180 0.945428
vt 0.737846 0.947762
vt 0.527908 0.758329
vt 0.527908 0.963312
vt 0.927161 0.215586
vt 0.927161 0.010603
vt 0.396008 0.956346
vt 0.393674 0.958680
vt 0.390374 0.958680
vt 0.388040 0.956346
vt 0.388040 0.953046
vt 0.390374 0.950712
vt 0.393674 0.950712
vt 0.396008 0.953046
vt 0.931381 0.672479
vt 0.931381 0.467496
vt 0.934431 0.467496
vt 0.934431 0.672479
vt 0.549114 0.963312
vt 0.549114 0.758329
vt 0.552163 0.758329
vt 0.552163 0.963312
vt 0.555213 0.758329
vt 0.555213 0.963312
vt 0.953906 0.900925
vt 0.953906 0.695942
vt 0.956956 0.695942
vt 0.956956 0.900925
vt 0.960005 0.695942
vt 0.960005 0.900925
vt 0.823910 0.963312
vt 0.823910 0.758329
vt 0.826959 0.758329
vt 0.826959 0.963312
vt 0.734545 0.918588
vt 0.732211 0.916254
vt 0.732211 0.912954
vt 0.734545 0.910620
vt 0.737846 0.910620
vt 0.740180 0.912954
vt 0.740180 0.916254
vt 0.737846 0.918588
vt 0.830009 0.758329
vt 0.830009 0.963312
vt 0.928332 0.672479
vt 0.928332 0.467496
vt 0.926602 0.927766
vt 0.926602 0.924465
vt 0.928935 0.922131
vt 0.932236 0.922132
vt 0.934570 0.924465
vt 0.934570 0.927766
vt 0.932236 0.930100
vt 0.928935 0.930100
s 0
usemtl Material.001
f 9/1/1 60/2/1 93/3/1 45/4/1
f 60/2/2 12/5/2 35/6/2 93/3/2
f 93/3/3 35/6/3 4/7/3 36/8/3
f 45/4/4 93/3/4 36/8/4 3/9/4
f 17/10/5 92/11/5 94/12/5 61/13/5
f 92/11/6 20/14/6 38/15/6 94/12/6
f 94/12/7 38/15/7 8/16/7 39/17/7
f 61/13/8 94/12/8 39/17/8 7/18/8
f 13/19/9 58/20/9 95/21/9 49/22/9
f 58/20/10 16/23/10 41/24/10 95/21/10
f 95/21/11 41/24/11 6/25/11 42/26/11
f 49/22/12 95/21/12 42/26/12 5/27/12
f 21/28/13 90/29/13 96/30/13 65/31/13
f 90/29/14 24/32/14 44/33/14 96/30/14
f 96/30/15 44/33/15 2/34/15 34/35/15
f 65/31/16 96/30/16 34/35/16 1/36/16
f 31/37/17 75/38/17 97/39/17 88/40/17
f 75/38/18 13/41/18 49/42/18 97/39/18
f 97/39/19 49/42/19 5/43/19 43/44/19
f 88/40/20 97/39/20 43/44/20 22/45/20
f 27/46/21 71/47/21 98/48/21 86/49/21
f 71/47/22 11/50/22 47/51/22 98/48/22
f 98/48/23 47/51/23 2/52/23 44/53/23
f 86/49/24 98/48/24 44/53/24 24/54/24
f 19/55/25 63/56/25 99/57/25 84/58/25
f 63/56/26 4/59/26 35/60/26 99/57/26
f 99/57/27 35/60/27 12/61/27 69/62/27
f 84/58/28 99/57/28 69/62/28 25/63/28
f 25/63/29 69/62/29 100/64/29 82/65/29
f 69/62/30 12/61/30 48/66/30 100/64/30
f 100/64/30 48/66/30 11/50/30 71/47/30
f 82/65/29 100/64/29 71/47/29 27/46/29
f 17/67/31 61/68/31 101/69/31 80/70/31
f 61/68/32 7/71/32 40/72/32 101/69/32
f 101/69/33 40/72/33 14/73/33 73/74/33
f 80/70/34 101/69/34 73/74/34 29/75/34
f 29/75/35 73/74/35 102/76/35 78/77/35
f 73/74/36 14/73/36 50/78/36 102/76/36
f 102/76/36 50/78/36 13/41/36 75/38/36
f 78/77/35 102/76/35 75/38/35 31/37/35
f 7/79/37 39/80/37 103/81/37 40/82/37
f 39/80/38 8/83/38 51/84/38 103/81/38
f 103/81/39 51/84/39 15/85/39 57/86/39
f 40/82/40 103/81/40 57/86/40 14/87/40
f 14/87/41 57/86/41 104/88/41 50/89/41
f 57/86/42 15/85/42 52/90/42 104/88/42
f 104/88/42 52/90/42 16/23/42 58/20/42
f 50/89/41 104/88/41 58/20/41 13/19/41
f 1/91/43 34/92/43 105/93/43 33/94/43
f 34/92/44 2/95/44 47/96/44 105/93/44
f 105/93/45 47/96/45 11/97/45 59/98/45
f 33/94/46 105/93/46 59/98/46 10/99/46
f 10/99/47 59/98/47 106/100/47 46/101/47
f 59/98/48 11/97/48 48/102/48 106/100/48
f 106/100/48 48/102/48 12/5/48 60/2/48
f 46/101/47 106/100/47 60/2/47 9/1/47
f 9/103/49 55/104/49 107/105/49 46/106/49
f 55/104/50 30/107/50 77/108/50 107/105/50
f 107/105/50 77/108/50 32/109/50 56/110/50
f 46/106/49 107/105/49 56/110/49 10/111/49
f 30/107/51 74/112/51 108/113/51 77/108/51
f 74/112/51 29/75/51 78/77/51 108/113/51
f 108/113/51 78/77/51 31/37/51 76/114/51
f 77/108/51 108/113/51 76/114/51 32/109/51
f 3/115/52 37/116/52 109/117/52 45/118/52
f 37/116/53 18/119/53 79/120/53 109/117/53
f 109/117/54 79/120/54 30/107/54 55/104/54
f 45/118/55 109/117/55 55/104/55 9/103/55
f 18/119/56 62/121/56 110/122/56 79/120/56
f 62/121/56 17/67/56 80/70/56 110/122/56
f 110/122/57 80/70/57 29/75/57 74/112/57
f 79/120/57 110/122/57 74/112/57 30/107/57
f 15/123/58 53/124/58 111/125/58 52/126/58
f 53/124/59 26/127/59 81/128/59 111/125/59
f 111/125/59 81/128/59 28/129/59 54/130/59
f 52/126/58 111/125/58 54/130/58 16/131/58
f 26/127/60 70/132/60 112/133/60 81/128/60
f 70/132/60 25/63/60 82/65/60 112/133/60
f 112/133/60 82/65/60 27/46/60 72/134/60
f 81/128/60 112/133/60 72/134/60 28/129/60
f 8/135/61 38/136/61 113/137/61 51/138/61
f 38/136/62 20/139/62 83/140/62 113/137/62
f 113/137/63 83/140/63 26/127/63 53/124/63
f 51/138/64 113/137/64 53/124/64 15/123/64
f 20/139/65 64/141/65 114/142/65 83/140/65
f 64/141/65 19/55/65 84/58/65 114/142/65
f 114/142/66 84/58/66 25/63/66 70/132/66
f 83/140/66 114/142/66 70/132/66 26/127/66
f 16/131/67 54/130/67 115/143/67 41/144/67
f 54/130/68 28/129/68 85/145/68 115/143/68
f 115/143/69 85/145/69 23/146/69 67/147/69
f 41/144/70 115/143/70 67/147/70 6/148/70
f 28/129/71 72/134/71 116/149/71 85/145/71
f 72/134/71 27/46/71 86/49/71 116/149/71
f 116/149/72 86/49/72 24/54/72 68/150/72
f 85/145/72 116/149/72 68/150/72 23/146/72
f 10/111/73 56/110/73 117/151/73 33/152/73
f 56/110/74 32/109/74 87/153/74 117/151/74
f 117/151/75 87/153/75 21/154/75 65/155/75
f 33/152/76 117/151/76 65/155/76 1/156/76
f 32/109/77 76/114/77 118/157/77 87/153/77
f 76/114/77 31/37/77 88/40/77 118/157/77
f 118/157/78 88/40/78 22/45/78 66/158/78
f 87/153/78 118/157/78 66/158/78 21/154/78
f 5/159/79 42/160/79 119/161/79 43/162/79
f 42/160/80 6/163/80 67/164/80 119/161/80
f 119/161/81 67/164/81 23/165/81 89/166/81
f 43/162/82 119/161/82 89/166/82 22/167/82
f 22/167/83 89/166/83 120/168/83 66/169/83
f 89/166/84 23/165/84 68/170/84 120/168/84
f 120/168/84 68/170/84 24/32/84 90/29/84
f 66/169/83 120/168/83 90/29/83 21/28/83
f 3/171/85 36/172/85 121/173/85 37/174/85
f 36/172/86 4/175/86 63/176/86 121/173/86
f 121/173/87 63/176/87 19/177/87 91/178/87
f 37/174/88 121/173/88 91/178/88 18/179/88
f 18/179/89 91/178/89 122/180/89 62/181/89
f 91/178/90 19/177/90 64/182/90 122/180/90
f 122/180/90 64/182/90 20/14/90 92/11/90
f 62/181/89 122/180/89 92/11/89 17/10/89
f 1577/2001/1 1628/2002/1 1661/2003/1 1613/2004/1
f 1628/2002/2 1580/2005/2 1603/2006/2 1661/2003/2
f 1661/2003/3 1603/2006/3 1572/2007/3 1604/2008/3
f 1613/2004/4 1661/2003/4 1604/2008/4 1571/2009/4
f 1585/2010/5 1660/2011/5 1662/2012/5 1629/2013/5
f 1660/2011/6 1588/2014/6 1606/2015/6 1662/2012/6
f 1662/2012/7 1606/2015/7 1576/2016/7 1607/2017/7
f 1629/2013/8 1662/2012/8 1607/2017/8 1575/2018/8
f 1581/2019/9 1626/2020/9 1663/2021/9 1617/2022/9
f 1626/2020/10 1584/2023/10 1609/2024/10 1663/2021/10
f 1663/2021/11 1609/2024/11 1574/2025/11 1610/2026/11
f 1617/2022/12 1663/2021/12 1610/2026/12 1573/2027/12
f 1589/2028/13 1658/2029/13 1664/2030/13 1633/2031/13
f 1658/2029/14 1592/2032/14 1612/2033/14 1664/2030/14
f 1664/2030/15 1612/2033/15 1570/2034/15 1602/2035/15
f 1633/2031/16 1664/2030/16 1602/2035/16 1569/2036/16
f 1599/2037/17 1643/2038/17 1665/2039/17 1656/2040/17
f 1643/2038/18 1581/2041/18 1617/2042/18 1665/2039/18
f 1665/2039/19 1617/2042/19 1573/2043/19 1611/2044/19
f 1656/2040/20 1665/2039/20 1611/2044/20 1590/2045/20
f 1595/2046/21 1639/2047/21 1666/2048/21 1654/2049/21
f 1639/2047/22 1579/2050/22 1615/2051/22 1666/2048/22
f 1666/2048/23 1615/2051/23 1570/2052/23 1612/2053/23
f 1654/2049/24 1666/2048/24 1612/2053/24 1592/2054/24
f 1587/2055/25 1631/2056/25 1667/2057/25 1652/2058/25
f 1631/2056/26 1572/2059/26 1603/2060/26 1667/2057/26
f 1667/2057/27 1603/2060/27 1580/2061/27 1637/2062/27
f 1652/2058/28 1667/2057/28 1637/2062/28 1593/2063/28
f 1593/2063/29 1637/2062/29 1668/2064/29 1650/2065/29
f 1637/2062/30 1580/2061/30 1616/2066/30 1668/2064/30
f 1668/2064/30 1616/2066/30 1579/2050/30 1639/2047/30
f 1650/2065/29 1668/2064/29 1639/2047/29 1595/2046/29
f 1585/2067/31 1629/2068/31 1669/2069/31 1648/2070/31
f 1629/2068/32 1575/2071/32 1608/2072/32 1669/2069/32
f 1669/2069/33 1608/2072/33 1582/2073/33 1641/2074/33
f 1648/2070/34 1669/2069/34 1641/2074/34 1597/2075/34
f 1597/2075/35 1641/2074/35 1670/2076/35 1646/2077/35
f 1641/2074/36 1582/2073/36 1618/2078/36 1670/2076/36
f 1670/2076/36 1618/2078/36 1581/2041/36 1643/2038/36
f 1646/2077/35 1670/2076/35 1643/2038/35 1599/2037/35
f 1575/2079/37 1607/2080/37 1671/2081/37 1608/2082/37
f 1607/2080/38 1576/2083/38 1619/2084/38 1671/2081/38
f 1671/2081/39 1619/2084/39 1583/2085/39 1625/2086/39
f 1608/2082/40 1671/2081/40 1625/2086/40 1582/2087/40
f 1582/2087/41 1625/2086/41 1672/2088/41 1618/2089/41
f 1625/2086/42 1583/2085/42 1620/2090/42 1672/2088/42
f 1672/2088/42 1620/2090/42 1584/2023/42 1626/2020/42
f 1618/2089/41 1672/2088/41 1626/2020/41 1581/2019/41
f 1569/2091/43 1602/2092/43 1673/2093/43 1601/2094/43
f 1602/2092/44 1570/2095/44 1615/2096/44 1673/2093/44
f 1673/2093/45 1615/2096/45 1579/2097/45 1627/2098/45
f 1601/2094/46 1673/2093/46 1627/2098/46 1578/2099/46
f 1578/2099/47 1627/2098/47 1674/2100/47 1614/2101/47
f 1627/2098/48 1579/2097/48 1616/2102/48 1674/2100/48
f 1674/2100/48 1616/2102/48 1580/2005/48 1628/2002/48
f 1614/2101/47 1674/2100/47 1628/2002/47 1577/2001/47
f 1577/2103/49 1623/2104/49 1675/2105/49 1614/2106/49
f 1623/2104/50 1598/2107/50 1645/2108/50 1675/2105/50
f 1675/2105/50 1645/2108/50 1600/2109/50 1624/2110/50
f 1614/2106/49 1675/2105/49 1624/2110/49 1578/2111/49
f 1598/2107/51 1642/2112/51 1676/2113/51 1645/2108/51
f 1642/2112/51 1597/2075/51 1646/2077/51 1676/2113/51
f 1676/2113/51 1646/2077/51 1599/2037/51 1644/2114/51
f 1645/2108/51 1676/2113/51 1644/2114/51 1600/2109/51
f 1571/2115/52 1605/2116/52 1677/2117/52 1613/2118/52
f 1605/2116/53 1586/2119/53 1647/2120/53 1677/2117/53
f 1677/2117/54 1647/2120/54 1598/2107/54 1623/2104/54
f 1613/2118/55 1677/2117/55 1623/2104/55 1577/2103/55
f 1586/2119/56 1630/2121/56 1678/2122/56 1647/2120/56
f 1630/2121/56 1585/2067/56 1648/2070/56 1678/2122/56
f 1678/2122/57 1648/2070/57 1597/2075/57 1642/2112/57
f 1647/2120/57 1678/2122/57 1642/2112/57 1598/2107/57
f 1583/2123/58 1621/2124/58 1679/2125/58 1620/2126/58
f 1621/2124/59 1594/2127/59 1649/2128/59 1679/2125/59
f 1679/2125/59 1649/2128/59 1596/2129/59 1622/2130/59
f 1620/2126/58 1679/2125/58 1622/2130/58 1584/2131/58
f 1594/2127/60 1638/2132/60 1680/2133/60 1649/2128/60
f 1638/2132/60 1593/2063/60 1650/2065/60 1680/2133/60
f 1680/2133/60 1650/2065/60 1595/2046/60 1640/2134/60
f 1649/2128/60 1680/2133/60 1640/2134/60 1596/2129/60
f 1576/2135/61 1606/2136/61 1681/2137/61 1619/2138/61
f 1606/2136/62 1588/2139/62 1651/2140/62 1681/2137/62
f 1681/2137/63 1651/2140/63 1594/2127/63 1621/2124/63
f 1619/2138/64 1681/2137/64 1621/2124/64 1583/2123/64
f 1588/2139/65 1632/2141/65 1682/2142/65 1651/2140/65
f 1632/2141/65 1587/2055/65 1652/2058/65 1682/2142/65
f 1682/2142/66 1652/2058/66 1593/2063/66 1638/2132/66
f 1651/2140/66 1682/2142/66 1638/2132/66 1594/2127/66
f 1584/2131/67 1622/2130/67 1683/2143/67 1609/2144/67
f 1622/2130/68 1596/2129/68 1653/2145/68 1683/2143/68
f 1683/2143/69 1653/2145/69 1591/2146/69 1635/2147/69
f 1609/2144/70 1683/2143/70 1635/2147/70 1574/2148/70
f 1596/2129/71 1640/2134/71 1684/2149/71 1653/2145/71
f 1640/2134/71 1595/2046/71 1654/2049/71 1684/2149/71
f 1684/2149/72 1654/2049/72 1592/2054/72 1636/2150/72
f 1653/2145/72 1684/2149/72 1636/2150/72 1591/2146/72
f 1578/2111/73 1624/2110/73 1685/2151/73 1601/2152/73
f 1624/2110/74 1600/2109/74 1655/2153/74 1685/2151/74
f 1685/2151/75 1655/2153/75 1589/2154/75 1633/2155/75
f 1601/2152/76 1685/2151/76 1633/2155/76 1569/2156/76
f 1600/2109/77 1644/2114/77 1686/2157/77 1655/2153/77
f 1644/2114/77 1599/2037/77 1656/2040/77 1686/2157/77
f 1686/2157/78 1656/2040/78 1590/2045/78 1634/2158/78
f 1655/2153/78 1686/2157/78 1634/2158/78 1589/2154/78
f 1573/2159/79 1610/2160/79 1687/2161/79 1611/2162/79
f 1610/2160/80 1574/2163/80 1635/2164/80 1687/2161/80
f 1687/2161/81 1635/2164/81 1591/2165/81 1657/2166/81
f 1611/2162/82 1687/2161/82 1657/2166/82 1590/2167/82
f 1590/2167/83 1657/2166/83 1688/2168/83 1634/2169/83
f 1657/2166/84 1591/2165/84 1636/2170/84 1688/2168/84
f 1688/2168/84 1636/2170/84 1592/2032/84 1658/2029/84
f 1634/2169/83 1688/2168/83 1658/2029/83 1589/2028/83
f 1571/2171/85 1604/2172/85 1689/2173/85 1605/2174/85
f 1604/2172/86 1572/2175/86 1631/2176/86 1689/2173/86
f 1689/2173/87 1631/2176/87 1587/2177/87 1659/2178/87
f 1605/2174/88 1689/2173/88 1659/2178/88 1586/2179/88
f 1586/2179/89 1659/2178/89 1690/2180/89 1630/2181/89
f 1659/2178/90 1587/2177/90 1632/2182/90 1690/2180/90
f 1690/2180/90 1632/2182/90 1588/2014/90 1660/2011/90
f 1630/2181/89 1690/2180/89 1660/2011/89 1585/2010/89
f 1699/2183/1 1750/2184/1 1783/2185/1 1735/2186/1
f 1750/2184/2 1702/2187/2 1725/2188/2 1783/2185/2
f 1783/2185/3 1725/2188/3 1694/2189/3 1726/2190/3
f 1735/2186/4 1783/2185/4 1726/2190/4 1693/2191/4
f 1707/2192/5 1782/2193/5 1784/2194/5 1751/2195/5
f 1782/2193/6 1710/2196/6 1728/2197/6 1784/2194/6
f 1784/2194/7 1728/2197/7 1698/2198/7 1729/2199/7
f 1751/2195/8 1784/2194/8 1729/2199/8 1697/2200/8
f 1703/2201/9 1748/2202/9 1785/2203/9 1739/2204/9
f 1748/2202/10 1706/2205/10 1731/2206/10 1785/2203/10
f 1785/2203/11 1731/2206/11 1696/2207/11 1732/2208/11
f 1739/2204/12 1785/2203/12 1732/2208/12 1695/2209/12
f 1711/2210/13 1780/2211/13 1786/2212/13 1755/2213/13
f 1780/2211/14 1714/2214/14 1734/2215/14 1786/2212/14
f 1786/2212/15 1734/2215/15 1692/2216/15 1724/2217/15
f 1755/2213/16 1786/2212/16 1724/2217/16 1691/2218/16
f 1721/2219/17 1765/2220/17 1787/2221/17 1778/2222/17
f 1765/2220/18 1703/2223/18 1739/2224/18 1787/2221/18
f 1787/2221/19 1739/2224/19 1695/2225/19 1733/2226/19
f 1778/2222/20 1787/2221/20 1733/2226/20 1712/2227/20
f 1717/2228/21 1761/2229/21 1788/2230/21 1776/2231/21
f 1761/2229/22 1701/2232/22 1737/2233/22 1788/2230/22
f 1788/2230/23 1737/2233/23 1692/2234/23 1734/2235/23
f 1776/2231/24 1788/2230/24 1734/2235/24 1714/2236/24
f 1709/2237/25 1753/2238/25 1789/2239/25 1774/2240/25
f 1753/2238/26 1694/2241/26 1725/2242/26 1789/2239/26
f 1789/2239/27 1725/2242/27 1702/2243/27 1759/2244/27
f 1774/2240/28 1789/2239/28 1759/2244/28 1715/2245/28
f 1715/2245/29 1759/2244/29 1790/2246/29 1772/2247/29
f 1759/2244/30 1702/2243/30 1738/2248/30 1790/2246/30
f 1790/2246/30 1738/2248/30 1701/2232/30 1761/2229/30
f 1772/2247/29 1790/2246/29 1761/2229/29 1717/2228/29
f 1707/2249/31 1751/2250/31 1791/2251/31 1770/2252/31
f 1751/2250/32 1697/2253/32 1730/2254/32 1791/2251/32
f 1791/2251/33 1730/2254/33 1704/2255/33 1763/2256/33
f 1770/2252/34 1791/2251/34 1763/2256/34 1719/2257/34
f 1719/2257/35 1763/2256/35 1792/2258/35 1768/2259/35
f 1763/2256/36 1704/2255/36 1740/2260/36 1792/2258/36
f 1792/2258/36 1740/2260/36 1703/2223/36 1765/2220/36
f 1768/2259/35 1792/2258/35 1765/2220/35 1721/2219/35
f 1697/2261/37 1729/2262/37 1793/2263/37 1730/2264/37
f 1729/2262/38 1698/2265/38 1741/2266/38 1793/2263/38
f 1793/2263/39 1741/2266/39 1705/2267/39 1747/2268/39
f 1730/2264/40 1793/2263/40 1747/2268/40 1704/2269/40
f 1704/2269/41 1747/2268/41 1794/2270/41 1740/2271/41
f 1747/2268/42 1705/2267/42 1742/2272/42 1794/2270/42
f 1794/2270/42 1742/2272/42 1706/2205/42 1748/2202/42
f 1740/2271/41 1794/2270/41 1748/2202/41 1703/2201/41
f 1691/2273/43 1724/2274/43 1795/2275/43 1723/2276/43
f 1724/2274/44 1692/2277/44 1737/2278/44 1795/2275/44
f 1795/2275/45 1737/2278/45 1701/2279/45 1749/2280/45
f 1723/2276/46 1795/2275/46 1749/2280/46 1700/2281/46
f 1700/2281/47 1749/2280/47 1796/2282/47 1736/2283/47
f 1749/2280/48 1701/2279/48 1738/2284/48 1796/2282/48
f 1796/2282/48 1738/2284/48 1702/2187/48 1750/2184/48
f 1736/2283/47 1796/2282/47 1750/2184/47 1699/2183/47
f 1699/2285/49 1745/2286/49 1797/2287/49 1736/2288/49
f 1745/2286/50 1720/2289/50 1767/2290/50 1797/2287/50
f 1797/2287/50 1767/2290/50 1722/2291/50 1746/2292/50
f 1736/2288/49 1797/2287/49 1746/2292/49 1700/2293/49
f 1720/2289/51 1764/2294/51 1798/2295/51 1767/2290/51
f 1764/2294/51 1719/2257/51 1768/2259/51 1798/2295/51
f 1798/2295/51 1768/2259/51 1721/2219/51 1766/2296/51
f 1767/2290/51 1798/2295/51 1766/2296/51 1722/2291/51
f 1693/2297/52 1727/2298/52 1799/2299/52 1735/2300/52
f 1727/2298/53 1708/2301/53 1769/2302/53 1799/2299/53
f 1799/2299/54 1769/2302/54 1720/2289/54 1745/2286/54
f 1735/2300/55 1799/2299/55 1745/2286/55 1699/2285/55
f 1708/2301/56 1752/2303/56 1800/2304/56 1769/2302/56
f 1752/2303/56 1707/2249/56 1770/2252/56 1800/2304/56
f 1800/2304/57 1770/2252/57 1719/2257/57 1764/2294/57
f 1769/2302/57 1800/2304/57 1764/2294/57 1720/2289/57
f 1705/2305/58 1743/2306/58 1801/2307/58 1742/2308/58
f 1743/2306/59 1716/2309/59 1771/2310/59 1801/2307/59
f 1801/2307/59 1771/2310/59 1718/2311/59 1744/2312/59
f 1742/2308/58 1801/2307/58 1744/2312/58 1706/2313/58
f 1716/2309/60 1760/2314/60 1802/2315/60 1771/2310/60
f 1760/2314/60 1715/2245/60 1772/2247/60 1802/2315/60
f 1802/2315/60 1772/2247/60 1717/2228/60 1762/2316/60
f 1771/2310/60 1802/2315/60 1762/2316/60 1718/2311/60
f 1698/2317/61 1728/2318/61 1803/2319/61 1741/2320/61
f 1728/2318/62 1710/2321/62 1773/2322/62 1803/2319/62
f 1803/2319/63 1773/2322/63 1716/2309/63 1743/2306/63
f 1741/2320/64 1803/2319/64 1743/2306/64 1705/2305/64
f 1710/2321/65 1754/2323/65 1804/2324/65 1773/2322/65
f 1754/2323/65 1709/2237/65 1774/2240/65 1804/2324/65
f 1804/2324/66 1774/2240/66 1715/2245/66 1760/2314/66
f 1773/2322/66 1804/2324/66 1760/2314/66 1716/2309/66
f 1706/2313/67 1744/2312/67 1805/2325/67 1731/2326/67
f 1744/2312/68 1718/2311/68 1775/2327/68 1805/2325/68
f 1805/2325/69 1775/2327/69 1713/2328/69 1757/2329/69
f 1731/2326/70 1805/2325/70 1757/2329/70 1696/2330/70
f 1718/2311/71 1762/2316/71 1806/2331/71 1775/2327/71
f 1762/2316/71 1717/2228/71 1776/2231/71 1806/2331/71
f 1806/2331/72 1776/2231/72 1714/2236/72 1758/2332/72
f 1775/2327/72 1806/2331/72 1758/2332/72 1713/2328/72
f 1700/2293/73 1746/2292/73 1807/2333/73 1723/2334/73
f 1746/2292/74 1722/2291/74 1777/2335/74 1807/2333/74
f 1807/2333/75 1777/2335/75 1711/2336/75 1755/2337/75
f 1723/2334/76 1807/2333/76 1755/2337/76 1691/2338/76
f 1722/2291/77 1766/2296/77 1808/2339/77 1777/2335/77
f 1766/2296/77 1721/2219/77 1778/2222/77 1808/2339/77
f 1808/2339/78 1778/2222/78 1712/2227/78 1756/2340/78
f 1777/2335/78 1808/2339/78 1756/2340/78 1711/2336/78
f 1695/2341/79 1732/2342/79 1809/2343/79 1733/2344/79
f 1732/2342/80 1696/2345/80 1757/2346/80 1809/2343/80
f 1809/2343/81 1757/2346/81 1713/2347/81 1779/2348/81
f 1733/2344/82 1809/2343/82 1779/2348/82 1712/2349/82
f 1712/2349/83 1779/2348/83 1810/2350/83 1756/2351/83
f 1779/2348/84 1713/2347/84 1758/2352/84 1810/2350/84
f 1810/2350/84 1758/2352/84 1714/2214/84 1780/2211/84
f 1756/2351/83 1810/2350/83 1780/2211/83 1711/2210/83
f 1693/2353/85 1726/2354/85 1811/2355/85 1727/2356/85
f 1726/2354/86 1694/2357/86 1753/2358/86 1811/2355/86
f 1811/2355/87 1753/2358/87 1709/2359/87 1781/2360/87
f 1727/2356/88 1811/2355/88 1781/2360/88 1708/2361/88
f 1708/2361/89 1781/2360/89 1812/2362/89 1752/2363/89
f 1781/2360/90 1709/2359/90 1754/2364/90 1812/2362/90
f 1812/2362/90 1754/2364/90 1710/2196/90 1782/2193/90
f 1752/2363/89 1812/2362/89 1782/2193/89 1707/2192/89
usemtl Material.002
f 335/183/91 336/184/91 339/185/91 338/186/91
f 336/184/92 337/187/92 340/188/92 339/185/92
f 338/186/93 339/185/93 342/189/93 341/190/93
f 339/185/94 340/188/94 343/191/94 342/189/94
f 154/192/95 334/193/95 335/183/95 236/194/95
f 334/193/96 333/195/96 336/184/96 335/183/96
f 333/195/97 332/196/97 337/187/97 336/184/97
f 332/196/98 143/197/98 253/198/98 337/187/98
f 337/187/99 253/198/99 252/199/99 340/188/99
f 340/188/100 252/199/100 251/200/100 343/191/100
f 343/191/101 251/200/101 129/201/101 175/202/101
f 342/189/102 343/191/102 175/202/102 174/203/102
f 341/190/103 342/189/103 174/203/103 173/204/103
f 238/205/104 341/190/104 173/204/104 134/206/104
f 237/207/105 338/186/105 341/190/105 238/205/105
f 236/194/106 335/183/106 338/186/106 237/207/106
f 344/208/107 345/209/107 348/210/107 347/211/107
f 345/209/108 346/212/108 349/213/108 348/210/108
f 347/211/109 348/210/109 351/214/109 350/215/109
f 348/210/110 349/213/110 352/216/110 351/214/110
f 135/217/111 232/218/111 344/208/111 205/219/111
f 232/218/112 231/220/112 345/209/112 344/208/112
f 231/220/113 230/221/113 346/212/113 345/209/113
f 230/221/114 134/222/114 173/223/114 346/212/114
f 346/212/115 173/223/115 174/224/115 349/213/115
f 349/213/116 174/224/116 175/225/116 352/216/116
f 352/216/117 175/225/117 129/226/117 166/227/117
f 351/214/118 352/216/118 166/227/118 165/228/118
f 350/215/119 351/214/119 165/228/119 164/229/119
f 203/230/120 350/215/120 164/229/120 130/231/120
f 204/232/121 347/211/121 350/215/121 203/230/121
f 205/219/122 344/208/122 347/211/122 204/232/122
f 353/233/123 354/234/123 357/235/123 356/236/123
f 354/234/124 355/237/124 358/238/124 357/235/124
f 356/236/125 357/235/125 360/239/125 359/240/125
f 357/235/126 358/238/126 361/241/126 360/239/126
f 139/242/127 328/243/127 353/233/127 241/244/127
f 328/243/128 327/245/128 354/234/128 353/233/128
f 327/245/129 326/246/129 355/237/129 354/234/129
f 326/246/130 144/247/130 182/248/130 355/237/130
f 355/237/131 182/248/131 183/249/131 358/238/131
f 358/238/132 183/249/132 184/250/132 361/241/132
f 361/241/133 184/250/133 127/251/133 170/252/133
f 360/239/134 361/241/134 170/252/134 171/253/134
f 359/240/135 360/239/135 171/253/135 172/254/135
f 239/255/136 359/240/136 172/254/136 128/256/136
f 240/257/137 356/236/137 359/240/137 239/255/137
f 241/244/138 353/233/138 356/236/138 240/257/138
f 362/258/139 363/259/139 366/260/139 365/261/139
f 363/259/140 364/262/140 367/263/140 366/260/140
f 365/261/141 366/260/141 369/264/141 368/265/141
f 366/260/142 367/263/142 370/266/142 369/264/142
f 150/267/143 322/268/143 362/258/143 224/269/143
f 322/268/144 321/270/144 363/259/144 362/258/144
f 321/270/145 320/271/145 364/262/145 363/259/145
f 320/271/146 145/272/146 259/273/146 364/262/146
f 364/262/147 259/273/147 258/274/147 367/263/147
f 367/263/148 258/274/148 257/275/148 370/266/148
f 370/266/149 257/275/149 126/276/149 181/277/149
f 369/264/150 370/266/150 181/277/150 180/278/150
f 368/265/151 369/264/151 180/278/151 179/279/151
f 226/280/152 368/265/152 179/279/152 136/281/152
f 225/282/153 365/261/153 368/265/153 226/280/153
f 224/269/154 362/258/154 365/261/154 225/282/154
f 371/283/155 372/284/155 375/285/155 374/286/155
f 372/284/156 373/287/156 376/288/156 375/285/156
f 374/286/157 375/285/157 378/289/157 377/290/157
f 375/285/158 376/288/158 379/291/158 378/289/158
f 145/292/159 316/293/159 371/283/159 259/294/159
f 316/293/160 315/295/160 372/284/160 371/283/160
f 315/295/161 314/296/161 373/287/161 372/284/161
f 314/296/162 142/297/162 176/298/162 373/287/162
f 373/287/163 176/298/163 177/299/163 376/288/163
f 376/288/164 177/299/164 178/300/164 379/291/164
f 379/291/165 178/300/165 125/301/165 167/302/165
f 378/289/166 379/291/166 167/302/166 168/303/166
f 377/290/167 378/289/167 168/303/167 169/304/167
f 257/305/168 377/290/168 169/304/168 126/306/168
f 258/307/169 374/286/169 377/290/169 257/305/169
f 259/294/170 371/283/170 374/286/170 258/307/170
f 380/308/171 381/309/171 384/310/171 383/311/171
f 381/309/172 382/312/172 385/313/172 384/310/172
f 383/311/173 384/310/173 387/314/173 386/315/173
f 384/310/174 385/313/174 388/316/174 387/314/174
f 131/317/175 220/318/175 380/308/175 193/319/175
f 220/318/176 219/320/176 381/309/176 380/308/176
f 219/320/177 218/321/177 382/312/177 381/309/177
f 218/321/178 138/322/178 185/323/178 382/312/178
f 382/312/179 185/323/179 186/324/179 385/313/179
f 385/313/180 186/324/180 187/325/180 388/316/180
f 388/316/181 187/325/181 123/326/181 161/327/181
f 387/314/182 388/316/182 161/327/182 162/328/182
f 386/315/183 387/314/183 162/328/183 163/329/183
f 191/330/184 386/315/184 163/329/184 124/331/184
f 192/332/185 383/311/185 386/315/185 191/330/185
f 193/319/186 380/308/186 383/311/186 192/332/186
f 389/333/187 390/334/187 393/335/187 392/336/187
f 390/334/188 391/337/188 394/338/188 393/335/188
f 392/336/189 393/335/189 396/339/189 395/340/189
f 393/335/190 394/338/190 397/341/190 396/339/190
f 128/342/191 172/343/191 389/333/191 160/344/191
f 172/343/192 171/345/192 390/334/192 389/333/192
f 171/345/193 170/346/193 391/337/193 390/334/193
f 170/346/194 127/347/194 209/348/194 391/337/194
f 391/337/195 209/348/195 210/349/195 394/338/195
f 394/338/196 210/349/196 211/350/196 397/341/196
f 397/341/197 211/350/197 137/351/197 215/352/197
f 396/339/198 397/341/198 215/352/198 216/353/198
f 395/340/199 396/339/199 216/353/199 217/354/199
f 158/355/200 395/340/200 217/354/200 132/356/200
f 159/357/201 392/336/201 395/340/201 158/355/201
f 160/344/202 389/333/202 392/336/202 159/357/202
f 398/358/203 399/359/203 402/360/203 401/361/203
f 399/359/204 400/362/204 403/363/204 402/360/204
f 401/361/203 402/360/203 405/364/203 404/365/203
f 402/360/205 403/363/205 406/366/205 405/364/205
f 132/356/206 217/354/206 398/358/206 196/367/206
f 217/354/203 216/353/203 399/359/203 398/358/203
f 216/353/207 215/352/207 400/362/207 399/359/207
f 215/352/208 137/351/208 212/368/208 400/362/208
f 400/362/209 212/368/209 213/369/209 403/363/209
f 403/363/210 213/369/210 214/370/210 406/366/210
f 406/366/211 214/370/211 138/322/211 218/321/211
f 405/364/205 406/366/205 218/321/205 219/320/205
f 404/365/203 405/364/203 219/320/203 220/318/203
f 194/371/206 404/365/206 220/318/206 131/317/206
f 195/372/206 401/361/206 404/365/206 194/371/206
f 196/367/206 398/358/206 401/361/206 195/372/206
f 407/373/212 408/374/212 411/375/212 410/376/212
f 408/374/213 409/377/213 412/378/213 411/375/213
f 410/376/214 411/375/214 414/379/214 413/380/214
f 411/375/215 412/378/215 415/381/215 414/379/215
f 140/382/216 310/383/216 407/373/216 155/384/216
f 310/383/217 309/385/217 408/374/217 407/373/217
f 309/385/218 308/386/218 409/377/218 408/374/218
f 308/386/219 148/387/219 221/388/219 409/377/219
f 409/377/220 221/388/220 222/389/220 412/378/220
f 412/378/221 222/389/221 223/390/221 415/381/221
f 415/381/222 223/390/222 135/391/222 205/392/222
f 414/379/223 415/381/223 205/392/223 204/393/223
f 413/380/224 414/379/224 204/393/224 203/394/224
f 157/395/225 413/380/225 203/394/225 130/396/225
f 156/397/226 410/376/226 413/380/226 157/395/226
f 155/384/227 407/373/227 410/376/227 156/397/227
f 416/398/228 417/399/228 420/400/228 419/401/228
f 417/399/228 418/402/228 421/403/228 420/400/228
f 419/401/229 420/400/229 423/404/229 422/405/229
f 420/400/229 421/403/229 424/406/229 423/404/229
f 148/387/230 304/407/230 416/398/230 221/388/230
f 304/407/230 303/408/230 417/399/230 416/398/230
f 303/408/230 302/409/230 418/402/230 417/399/230
f 302/409/230 150/267/230 224/269/230 418/402/230
f 418/402/228 224/269/228 225/282/228 421/403/228
f 421/403/229 225/282/229 226/280/229 424/406/229
f 424/406/231 226/280/231 136/281/231 208/410/231
f 423/404/231 424/406/231 208/410/231 207/411/231
f 422/405/231 423/404/231 207/411/231 206/412/231
f 223/390/231 422/405/231 206/412/231 135/391/231
f 222/389/229 419/401/229 422/405/229 223/390/229
f 221/388/228 416/398/228 419/401/228 222/389/228
f 425/413/232 426/414/232 429/415/232 428/416/232
f 426/414/233 427/417/233 430/418/233 429/415/233
f 428/416/234 429/415/234 432/419/234 431/420/234
f 429/415/235 430/418/235 433/421/235 432/419/235
f 126/422/236 169/423/236 425/413/236 181/424/236
f 169/423/237 168/425/237 426/414/237 425/413/237
f 168/425/238 167/426/238 427/417/238 426/414/238
f 167/426/239 125/427/239 197/428/239 427/417/239
f 427/417/240 197/428/240 198/429/240 430/418/240
f 430/418/241 198/429/241 199/430/241 433/421/241
f 433/421/242 199/430/242 133/431/242 227/432/242
f 432/419/243 433/421/243 227/432/243 228/433/243
f 431/420/244 432/419/244 228/433/244 229/434/244
f 179/435/245 431/420/245 229/434/245 136/436/245
f 180/437/246 428/416/246 431/420/246 179/435/246
f 181/424/247 425/413/247 428/416/247 180/437/247
f 434/438/248 435/439/248 438/440/248 437/441/248
f 435/439/249 436/442/249 439/443/249 438/440/249
f 437/441/248 438/440/248 441/444/248 440/445/248
f 438/440/250 439/443/250 442/446/250 441/444/250
f 136/436/251 229/434/251 434/438/251 208/447/251
f 229/434/248 228/433/248 435/439/248 434/438/248
f 228/433/252 227/432/252 436/442/252 435/439/252
f 227/432/253 133/431/253 200/448/253 436/442/253
f 436/442/254 200/448/254 201/449/254 439/443/254
f 439/443/255 201/449/255 202/450/255 442/446/255
f 442/446/256 202/450/256 134/222/256 230/221/256
f 441/444/257 442/446/257 230/221/257 231/220/257
f 440/445/248 441/444/248 231/220/248 232/218/248
f 206/451/251 440/445/251 232/218/251 135/217/251
f 207/452/251 437/441/251 440/445/251 206/451/251
f 208/447/251 434/438/251 437/441/251 207/452/251
f 443/453/258 444/454/258 447/455/258 446/456/258
f 444/454/259 445/457/259 448/458/259 447/455/259
f 446/456/260 447/455/260 450/459/260 449/460/260
f 447/455/261 448/458/261 451/461/261 450/459/261
f 142/297/262 298/462/262 443/463/262 176/298/262
f 298/464/263 297/465/263 444/454/263 443/453/263
f 297/465/264 296/466/264 445/457/264 444/454/264
f 296/466/265 152/467/265 233/468/265 445/457/265
f 445/457/266 233/468/266 234/469/266 448/458/266
f 448/458/267 234/469/267 235/470/267 451/461/267
f 451/471/268 235/472/268 133/431/268 199/430/268
f 450/459/269 451/461/269 199/473/269 198/474/269
f 449/460/270 450/459/270 198/474/270 197/475/270
f 178/476/271 449/460/271 197/475/271 125/477/271
f 177/478/272 446/456/272 449/460/272 178/476/272
f 176/298/273 443/463/273 446/479/273 177/299/273
f 452/480/274 453/481/274 456/482/274 455/483/274
f 453/481/275 454/484/275 457/485/275 456/482/275
f 455/483/276 456/482/276 459/486/276 458/487/276
f 456/482/277 457/485/277 460/488/277 459/486/277
f 152/467/278 292/489/278 452/480/278 233/468/278
f 292/489/279 291/490/279 453/481/279 452/480/279
f 291/490/280 290/491/280 454/484/280 453/481/280
f 290/491/281 154/192/281 236/194/281 454/484/281
f 454/484/282 236/194/282 237/207/282 457/485/282
f 457/485/283 237/207/283 238/205/283 460/488/283
f 460/492/284 238/493/284 134/222/284 202/450/284
f 459/494/285 460/492/285 202/450/285 201/449/285
f 458/495/286 459/494/286 201/449/286 200/448/286
f 235/472/287 458/495/287 200/448/287 133/431/287
f 234/469/288 455/483/288 458/487/288 235/470/288
f 233/468/289 452/480/289 455/483/289 234/469/289
f 461/496/290 462/497/290 465/498/290 464/499/290
f 462/497/291 463/500/291 466/501/291 465/498/291
f 464/499/292 465/498/292 468/502/292 467/503/292
f 465/498/293 466/501/293 469/504/293 468/502/293
f 138/322/294 214/370/294 461/505/294 275/506/294
f 214/370/295 213/369/295 462/507/295 461/505/295
f 213/369/296 212/368/296 463/508/296 462/507/296
f 212/368/297 137/351/297 281/509/297 463/508/297
f 463/500/298 281/510/298 282/511/298 466/501/298
f 466/501/299 282/511/299 283/512/299 469/504/299
f 469/504/300 283/512/300 153/513/300 287/514/300
f 468/502/301 469/504/301 287/514/301 288/515/301
f 467/503/302 468/502/302 288/515/302 289/516/302
f 277/517/303 467/503/303 289/516/303 151/518/303
f 276/519/304 464/499/304 467/503/304 277/517/304
f 275/520/305 461/496/305 464/499/305 276/519/305
f 470/521/306 471/522/306 474/523/306 473/524/306
f 471/522/307 472/525/307 475/526/307 474/523/307
f 473/524/308 474/523/308 477/527/308 476/528/308
f 474/523/309 475/526/309 478/529/309 477/527/309
f 151/518/310 289/516/310 470/521/310 278/530/310
f 289/516/311 288/515/311 471/522/311 470/521/311
f 288/515/312 287/514/312 472/525/312 471/522/312
f 287/514/313 153/513/313 284/531/313 472/525/313
f 472/525/314 284/531/314 285/532/314 475/526/314
f 475/526/315 285/532/315 286/533/315 478/529/315
f 478/529/316 286/533/316 154/192/316 290/491/316
f 477/527/317 478/529/317 290/491/317 291/490/317
f 476/528/318 477/527/318 291/490/318 292/489/318
f 280/534/319 476/528/319 292/489/319 152/467/319
f 279/535/320 473/524/320 476/528/320 280/534/320
f 278/530/321 470/521/321 473/524/321 279/535/321
f 479/536/322 480/537/322 483/538/322 482/539/322
f 480/537/323 481/540/323 484/541/323 483/538/323
f 482/539/324 483/538/324 486/542/324 485/543/324
f 483/538/325 484/541/325 487/544/325 486/542/325
f 123/545/326 187/546/326 479/536/326 245/547/326
f 187/546/327 186/548/327 480/537/327 479/536/327
f 186/548/328 185/549/328 481/540/328 480/537/328
f 185/549/329 138/550/329 275/520/329 481/540/329
f 481/540/330 275/520/330 276/519/330 484/541/330
f 484/541/331 276/519/331 277/517/331 487/544/331
f 487/544/332 277/517/332 151/518/332 293/551/332
f 486/542/333 487/544/333 293/551/333 294/552/333
f 485/543/334 486/542/334 294/552/334 295/553/334
f 247/554/335 485/543/335 295/553/335 141/555/335
f 246/556/336 482/539/336 485/543/336 247/554/336
f 245/547/337 479/536/337 482/539/337 246/556/337
f 488/557/338 489/558/338 492/559/338 491/560/338
f 489/558/339 490/561/339 493/562/339 492/559/339
f 491/560/340 492/559/340 495/563/340 494/564/340
f 492/559/341 493/562/341 496/565/341 495/563/341
f 141/566/342 295/567/342 488/568/342 248/569/342
f 295/553/343 294/552/343 489/558/343 488/557/343
f 294/552/344 293/551/344 490/561/344 489/558/344
f 293/551/345 151/518/345 278/530/345 490/561/345
f 490/561/346 278/530/346 279/535/346 493/562/346
f 493/562/347 279/535/347 280/534/347 496/565/347
f 496/565/348 280/534/348 152/467/348 296/466/348
f 495/563/349 496/565/349 296/466/349 297/465/349
f 494/564/350 495/563/350 297/465/350 298/464/350
f 250/570/351 494/571/351 298/462/351 142/297/351
f 249/572/352 491/573/352 494/571/352 250/570/352
f 248/569/353 488/568/353 491/573/353 249/572/353
f 497/574/354 498/575/354 501/576/354 500/577/354
f 498/575/354 499/578/354 502/579/354 501/576/354
f 500/577/355 501/576/355 504/580/355 503/581/355
f 501/576/355 502/579/355 505/582/355 504/580/355
f 132/583/356 196/584/356 497/574/356 263/585/356
f 196/584/356 195/586/356 498/575/356 497/574/356
f 195/586/356 194/587/356 499/578/356 498/575/356
f 194/587/356 131/588/356 269/589/356 499/578/356
f 499/578/354 269/589/354 270/590/354 502/579/354
f 502/579/355 270/590/355 271/591/355 505/582/355
f 505/582/357 271/591/357 149/592/357 299/593/357
f 504/580/357 505/582/357 299/593/357 300/594/357
f 503/581/357 504/580/357 300/594/357 301/595/357
f 265/596/357 503/581/357 301/595/357 147/597/357
f 264/598/355 500/577/355 503/581/355 265/596/355
f 263/585/354 497/574/354 500/577/354 264/598/354
f 506/599/51 507/600/51 510/601/51 509/602/51
f 507/600/51 508/603/51 511/604/51 510/601/51
f 509/602/51 510/601/51 513/605/51 512/606/51
f 510/601/51 511/604/51 514/607/51 513/605/51
f 147/597/51 301/595/51 506/599/51 266/608/51
f 301/595/51 300/594/51 507/600/51 506/599/51
f 300/594/51 299/593/51 508/603/51 507/600/51
f 299/593/51 149/592/51 272/609/51 508/603/51
f 508/603/51 272/609/51 273/610/51 511/604/51
f 511/604/51 273/610/51 274/611/51 514/607/51
f 514/607/51 274/611/51 150/267/51 302/409/51
f 513/605/51 514/607/51 302/409/51 303/408/51
f 512/606/51 513/605/51 303/408/51 304/407/51
f 268/612/51 512/606/51 304/407/51 148/387/51
f 267/613/51 509/602/51 512/606/51 268/612/51
f 266/608/51 506/599/51 509/602/51 267/613/51
f 515/614/358 516/615/358 519/616/358 518/617/358
f 516/615/359 517/618/359 520/619/359 519/616/359
f 518/617/360 519/616/360 522/620/360 521/621/360
f 519/616/361 520/619/361 523/622/361 522/620/361
f 128/623/362 160/624/362 515/614/362 239/625/362
f 160/624/363 159/626/363 516/615/363 515/614/363
f 159/626/364 158/627/364 517/618/364 516/615/364
f 158/627/365 132/583/365 263/585/365 517/618/365
f 517/618/366 263/585/366 264/598/366 520/619/366
f 520/619/367 264/598/367 265/596/367 523/622/367
f 523/622/368 265/596/368 147/597/368 305/628/368
f 522/620/369 523/622/369 305/628/369 306/629/369
f 521/621/370 522/620/370 306/629/370 307/630/370
f 241/631/371 521/621/371 307/630/371 139/632/371
f 240/633/372 518/617/372 521/621/372 241/631/372
f 239/625/373 515/614/373 518/617/373 240/633/373
f 524/634/374 525/635/374 528/636/374 527/637/374
f 525/635/375 526/638/375 529/639/375 528/636/375
f 527/637/374 528/636/374 531/640/374 530/641/374
f 528/636/375 529/639/375 532/642/375 531/640/375
f 139/632/376 307/630/376 524/634/376 242/643/376
f 307/630/374 306/629/374 525/635/374 524/634/374
f 306/629/375 305/628/375 526/638/375 525/635/375
f 305/628/377 147/597/377 266/608/377 526/638/377
f 526/638/377 266/608/377 267/613/377 529/639/377
f 529/639/377 267/613/377 268/612/377 532/642/377
f 532/642/377 268/612/377 148/387/377 308/386/377
f 531/640/375 532/642/375 308/386/375 309/385/375
f 530/641/374 531/640/374 309/385/374 310/383/374
f 244/644/376 530/641/376 310/383/376 140/382/376
f 243/645/376 527/637/376 530/641/376 244/644/376
f 242/643/376 524/634/376 527/637/376 243/645/376
f 533/646/378 534/647/378 537/648/378 536/649/378
f 534/647/379 535/650/379 538/651/379 537/648/379
f 536/649/380 537/648/380 540/652/380 539/653/380
f 537/648/381 538/651/381 541/654/381 540/652/381
f 124/655/382 163/656/382 533/646/382 190/657/382
f 163/656/383 162/658/383 534/647/383 533/646/383
f 162/658/384 161/659/384 535/650/384 534/647/384
f 161/659/385 123/660/385 245/661/385 535/650/385
f 535/650/386 245/661/386 246/662/386 538/651/386
f 538/651/387 246/662/387 247/663/387 541/654/387
f 541/654/388 247/663/388 141/566/388 311/664/388
f 540/652/389 541/654/389 311/664/389 312/665/389
f 539/653/390 540/652/390 312/665/390 313/666/390
f 188/667/391 539/653/391 313/666/391 146/668/391
f 189/669/392 536/649/392 539/653/392 188/667/392
f 190/657/393 533/646/393 536/649/393 189/669/393
f 542/670/394 543/671/394 546/672/394 545/673/394
f 543/671/395 544/674/395 547/675/395 546/672/395
f 545/673/394 546/672/394 549/676/394 548/677/394
f 546/672/396 547/675/396 550/678/396 549/676/396
f 146/668/397 313/666/397 542/670/397 262/679/397
f 313/666/394 312/665/394 543/671/394 542/670/394
f 312/665/398 311/664/398 544/674/398 543/671/398
f 311/664/399 141/566/399 248/569/399 544/674/399
f 544/674/400 248/569/400 249/572/400 547/675/400
f 547/675/401 249/572/401 250/570/401 550/678/401
f 550/678/402 250/570/402 142/297/402 314/296/402
f 549/676/403 550/678/403 314/296/403 315/295/403
f 548/677/394 549/676/394 315/295/394 316/293/394
f 260/680/397 548/677/397 316/293/397 145/292/397
f 261/681/397 545/673/397 548/677/397 260/680/397
f 262/679/397 542/670/397 545/673/397 261/681/397
f 551/682/404 552/683/404 555/684/404 554/685/404
f 552/683/405 553/686/405 556/687/405 555/684/405
f 554/685/406 555/684/406 558/688/406 557/689/406
f 555/684/407 556/687/407 559/690/407 558/688/407
f 131/588/408 193/691/408 551/682/408 269/589/408
f 193/691/409 192/692/409 552/683/409 551/682/409
f 192/692/410 191/693/410 553/686/410 552/683/410
f 191/693/411 124/694/411 190/695/411 553/686/411
f 553/686/412 190/695/412 189/696/412 556/687/412
f 556/687/413 189/696/413 188/697/413 559/690/413
f 559/690/414 188/697/414 146/698/414 317/699/414
f 558/688/415 559/690/415 317/699/415 318/700/415
f 557/689/416 558/688/416 318/700/416 319/701/416
f 271/591/417 557/689/417 319/701/417 149/592/417
f 270/590/418 554/685/418 557/689/418 271/591/418
f 269/589/419 551/682/419 554/685/419 270/590/419
f 560/702/420 561/703/420 564/704/420 563/705/420
f 561/703/421 562/706/421 565/707/421 564/704/421
f 563/705/420 564/704/420 567/708/420 566/709/420
f 564/704/421 565/707/421 568/710/421 567/708/421
f 149/592/422 319/701/422 560/702/422 272/609/422
f 319/701/420 318/700/420 561/703/420 560/702/420
f 318/700/421 317/699/421 562/706/421 561/703/421
f 317/699/423 146/698/423 262/711/423 562/706/423
f 562/706/423 262/711/423 261/712/423 565/707/423
f 565/707/423 261/712/423 260/713/423 568/710/423
f 568/710/423 260/713/423 145/272/423 320/271/423
f 567/708/421 568/710/421 320/271/421 321/270/421
f 566/709/420 567/708/420 321/270/420 322/268/420
f 274/611/422 566/709/422 322/268/422 150/267/422
f 273/610/422 563/705/422 566/709/422 274/611/422
f 272/609/422 560/702/422 563/705/422 273/610/422
f 569/714/424 570/715/424 573/716/424 572/717/424
f 570/715/425 571/718/425 574/719/425 573/716/425
f 572/717/426 573/716/426 576/720/426 575/721/426
f 573/716/427 574/719/427 577/722/427 576/720/427
f 130/723/428 164/724/428 569/714/428 157/725/428
f 164/724/429 165/726/429 570/715/429 569/714/429
f 165/726/430 166/727/430 571/718/430 570/715/430
f 166/727/431 129/728/431 251/729/431 571/718/431
f 571/718/432 251/729/432 252/730/432 574/719/432
f 574/719/433 252/730/433 253/731/433 577/722/433
f 577/722/434 253/731/434 143/732/434 323/733/434
f 576/720/435 577/722/435 323/733/435 324/734/435
f 575/721/436 576/720/436 324/734/436 325/735/436
f 155/736/437 575/721/437 325/735/437 140/737/437
f 156/738/438 572/717/438 575/721/438 155/736/438
f 157/725/439 569/714/439 572/717/439 156/738/439
f 578/739/440 579/740/440 582/741/440 581/742/440
f 579/740/441 580/743/441 583/744/441 582/741/441
f 581/742/442 582/741/442 585/745/442 584/746/442
f 582/741/443 583/744/443 586/747/443 585/745/443
f 140/737/444 325/735/444 578/739/444 244/748/444
f 325/735/445 324/734/445 579/740/445 578/739/445
f 324/734/446 323/733/446 580/743/446 579/740/446
f 323/733/447 143/732/447 254/749/447 580/743/447
f 580/743/448 254/749/448 255/750/448 583/744/448
f 583/744/449 255/750/449 256/751/449 586/747/449
f 586/747/450 256/751/450 144/247/450 326/246/450
f 585/745/451 586/747/451 326/246/451 327/245/451
f 584/746/452 585/745/452 327/245/452 328/243/452
f 242/752/444 584/746/444 328/243/444 139/242/444
f 243/753/444 581/742/444 584/746/444 242/752/444
f 244/748/444 578/739/444 581/742/444 243/753/444
f 587/754/453 588/755/453 591/756/453 590/757/453
f 588/755/454 589/758/454 592/759/454 591/756/454
f 590/757/455 591/756/455 594/760/455 593/761/455
f 591/756/456 592/759/456 595/762/456 594/760/456
f 137/351/457 211/350/457 587/763/457 281/509/457
f 211/350/458 210/349/458 588/764/458 587/763/458
f 210/765/459 209/766/459 589/758/459 588/755/459
f 209/766/460 127/767/460 184/768/460 589/758/460
f 589/758/461 184/768/461 183/769/461 592/759/461
f 592/759/462 183/769/462 182/770/462 595/762/462
f 595/762/463 182/770/463 144/771/463 329/772/463
f 594/760/464 595/762/464 329/772/464 330/773/464
f 593/761/465 594/760/465 330/773/465 331/774/465
f 283/512/466 593/761/466 331/774/466 153/513/466
f 282/511/467 590/757/467 593/761/467 283/512/467
f 281/510/468 587/754/468 590/757/468 282/511/468
f 596/775/469 597/776/469 600/777/469 599/778/469
f 597/776/470 598/779/470 601/780/470 600/777/470
f 599/778/471 600/777/471 603/781/471 602/782/471
f 600/777/472 601/780/472 604/783/472 603/781/472
f 153/513/473 331/774/473 596/775/473 284/531/473
f 331/774/474 330/773/474 597/776/474 596/775/474
f 330/773/475 329/772/475 598/779/475 597/776/475
f 329/772/476 144/771/476 256/784/476 598/779/476
f 598/785/477 256/751/477 255/750/477 601/786/477
f 601/786/478 255/750/478 254/749/478 604/787/478
f 604/787/479 254/749/479 143/732/479 332/788/479
f 603/781/480 604/783/480 332/196/480 333/195/480
f 602/782/481 603/781/481 333/195/481 334/193/481
f 286/533/482 602/782/482 334/193/482 154/192/482
f 285/532/483 599/778/483 602/782/483 286/533/483
f 284/531/484 596/775/484 599/778/484 285/532/484
f 817/789/91 818/790/91 821/791/91 820/792/91
f 818/790/92 819/793/92 822/794/92 821/791/92
f 820/792/93 821/791/93 824/795/93 823/796/93
f 821/791/94 822/794/94 825/797/94 824/795/94
f 636/798/95 816/799/95 817/789/95 718/800/95
f 816/799/96 815/801/96 818/790/96 817/789/96
f 815/801/97 814/802/97 819/793/97 818/790/97
f 814/802/98 625/803/98 735/804/98 819/793/98
f 819/793/99 735/804/99 734/805/99 822/794/99
f 822/794/100 734/805/100 733/806/100 825/797/100
f 825/797/101 733/806/101 611/807/101 657/808/101
f 824/795/102 825/797/102 657/808/102 656/809/102
f 823/796/103 824/795/103 656/809/103 655/810/103
f 720/811/104 823/796/104 655/810/104 616/812/104
f 719/813/105 820/792/105 823/796/105 720/811/105
f 718/800/106 817/789/106 820/792/106 719/813/106
f 826/814/107 827/815/107 830/816/107 829/817/107
f 827/815/108 828/818/108 831/819/108 830/816/108
f 829/817/109 830/816/109 833/820/109 832/821/109
f 830/816/110 831/819/110 834/822/110 833/820/110
f 617/823/111 714/824/111 826/814/111 687/825/111
f 714/824/112 713/826/112 827/815/112 826/814/112
f 713/826/113 712/827/113 828/818/113 827/815/113
f 712/827/114 616/828/114 655/829/114 828/818/114
f 828/818/115 655/829/115 656/830/115 831/819/115
f 831/819/485 656/830/485 657/831/485 834/822/485
f 834/822/117 657/831/117 611/832/117 648/833/117
f 833/820/118 834/822/118 648/833/118 647/834/118
f 832/821/119 833/820/119 647/834/119 646/835/119
f 685/836/120 832/821/120 646/835/120 612/837/120
f 686/838/121 829/817/121 832/821/121 685/836/121
f 687/825/122 826/814/122 829/817/122 686/838/122
f 835/839/123 836/840/123 839/841/123 838/842/123
f 836/840/124 837/843/124 840/844/124 839/841/124
f 838/842/125 839/841/125 842/845/125 841/846/125
f 839/841/486 840/844/486 843/847/486 842/845/486
f 621/848/127 810/849/127 835/839/127 723/850/127
f 810/849/128 809/851/128 836/840/128 835/839/128
f 809/851/129 808/852/129 837/843/129 836/840/129
f 808/852/130 626/853/130 664/854/130 837/843/130
f 837/843/131 664/854/131 665/855/131 840/844/131
f 840/844/132 665/855/132 666/856/132 843/847/132
f 843/847/133 666/856/133 609/857/133 652/858/133
f 842/845/134 843/847/134 652/858/134 653/859/134
f 841/846/135 842/845/135 653/859/135 654/860/135
f 721/861/136 841/846/136 654/860/136 610/862/136
f 722/863/137 838/842/137 841/846/137 721/861/137
f 723/850/138 835/839/138 838/842/138 722/863/138
f 844/864/139 845/865/139 848/866/139 847/867/139
f 845/865/140 846/868/140 849/869/140 848/866/140
f 847/867/487 848/866/487 851/870/487 850/871/487
f 848/866/142 849/869/142 852/872/142 851/870/142
f 632/873/143 804/874/143 844/864/143 706/875/143
f 804/874/144 803/876/144 845/865/144 844/864/144
f 803/876/145 802/877/145 846/868/145 845/865/145
f 802/877/146 627/878/146 741/879/146 846/868/146
f 846/868/147 741/879/147 740/880/147 849/869/147
f 849/869/148 740/880/148 739/881/148 852/872/148
f 852/872/149 739/881/149 608/882/149 663/883/149
f 851/870/150 852/872/150 663/883/150 662/884/150
f 850/871/151 851/870/151 662/884/151 661/885/151
f 708/886/152 850/871/152 661/885/152 618/887/152
f 707/888/153 847/867/153 850/871/153 708/886/153
f 706/875/154 844/864/154 847/867/154 707/888/154
f 853/889/155 854/890/155 857/891/155 856/892/155
f 854/890/156 855/893/156 858/894/156 857/891/156
f 856/892/157 857/891/157 860/895/157 859/896/157
f 857/891/158 858/894/158 861/897/158 860/895/158
f 627/898/159 798/899/159 853/889/159 741/900/159
f 798/899/160 797/901/160 854/890/160 853/889/160
f 797/901/161 796/902/161 855/893/161 854/890/161
f 796/902/162 624/903/162 658/904/162 855/893/162
f 855/893/163 658/904/163 659/905/163 858/894/163
f 858/894/164 659/905/164 660/906/164 861/897/164
f 861/897/165 660/906/165 607/907/165 649/908/165
f 860/895/166 861/897/166 649/908/166 650/909/166
f 859/896/167 860/895/167 650/909/167 651/910/167
f 739/911/168 859/896/168 651/910/168 608/912/168
f 740/913/169 856/892/169 859/896/169 739/911/169
f 741/900/170 853/889/170 856/892/170 740/913/170
f 862/914/171 863/915/171 866/916/171 865/917/171
f 863/915/172 864/918/172 867/919/172 866/916/172
f 865/917/173 866/916/173 869/920/173 868/921/173
f 866/916/174 867/919/174 870/922/174 869/920/174
f 613/923/175 702/924/175 862/914/175 675/925/175
f 702/924/176 701/926/176 863/915/176 862/914/176
f 701/926/177 700/927/177 864/918/177 863/915/177
f 700/927/178 620/928/178 667/929/178 864/918/178
f 864/918/179 667/929/179 668/930/179 867/919/179
f 867/919/180 668/930/180 669/931/180 870/922/180
f 870/922/181 669/931/181 605/932/181 643/933/181
f 869/920/182 870/922/182 643/933/182 644/934/182
f 868/921/183 869/920/183 644/934/183 645/935/183
f 673/936/184 868/921/184 645/935/184 606/937/184
f 674/938/185 865/917/185 868/921/185 673/936/185
f 675/925/186 862/914/186 865/917/186 674/938/186
f 871/939/187 872/940/187 875/941/187 874/942/187
f 872/940/188 873/943/188 876/944/188 875/941/188
f 874/942/189 875/941/189 878/945/189 877/946/189
f 875/941/190 876/944/190 879/947/190 878/945/190
f 610/948/191 654/949/191 871/939/191 642/950/191
f 654/949/192 653/951/192 872/940/192 871/939/192
f 653/951/193 652/952/193 873/943/193 872/940/193
f 652/952/488 609/953/488 691/954/488 873/943/488
f 873/943/195 691/954/195 692/955/195 876/944/195
f 876/944/489 692/955/489 693/956/489 879/947/489
f 879/947/197 693/956/197 619/957/197 697/958/197
f 878/945/198 879/947/198 697/958/198 698/959/198
f 877/946/199 878/945/199 698/959/199 699/960/199
f 640/961/200 877/946/200 699/960/200 614/962/200
f 641/963/201 874/942/201 877/946/201 640/961/201
f 642/950/202 871/939/202 874/942/202 641/963/202
f 880/964/203 881/965/203 884/966/203 883/967/203
f 881/965/204 882/968/204 885/969/204 884/966/204
f 883/967/203 884/966/203 887/970/203 886/971/203
f 884/966/205 885/969/205 888/972/205 887/970/205
f 614/962/206 699/960/206 880/964/206 678/973/206
f 699/960/203 698/959/203 881/965/203 880/964/203
f 698/959/207 697/958/207 882/968/207 881/965/207
f 697/958/208 619/957/208 694/974/208 882/968/208
f 882/968/209 694/974/209 695/975/209 885/969/209
f 885/969/210 695/975/210 696/976/210 888/972/210
f 888/972/211 696/976/211 620/928/211 700/927/211
f 887/970/205 888/972/205 700/927/205 701/926/205
f 886/971/203 887/970/203 701/926/203 702/924/203
f 676/977/206 886/971/206 702/924/206 613/923/206
f 677/978/206 883/967/206 886/971/206 676/977/206
f 678/973/206 880/964/206 883/967/206 677/978/206
f 889/979/212 890/980/212 893/981/212 892/982/212
f 890/980/213 891/983/213 894/984/213 893/981/213
f 892/982/214 893/981/214 896/985/214 895/986/214
f 893/981/215 894/984/215 897/987/215 896/985/215
f 622/988/216 792/989/216 889/979/216 637/990/216
f 792/989/217 791/991/217 890/980/217 889/979/217
f 791/991/218 790/992/218 891/983/218 890/980/218
f 790/992/219 630/993/219 703/994/219 891/983/219
f 891/983/220 703/994/220 704/995/220 894/984/220
f 894/984/221 704/995/221 705/996/221 897/987/221
f 897/987/222 705/996/222 617/997/222 687/998/222
f 896/985/223 897/987/223 687/998/223 686/999/223
f 895/986/224 896/985/224 686/999/224 685/1000/224
f 639/1001/225 895/986/225 685/1000/225 612/1002/225
f 638/1003/226 892/982/226 895/986/226 639/1001/226
f 637/990/227 889/979/227 892/982/227 638/1003/227
f 898/1004/228 899/1005/228 902/1006/228 901/1007/228
f 899/1005/228 900/1008/228 903/1009/228 902/1006/228
f 901/1007/229 902/1006/229 905/1010/229 904/1011/229
f 902/1006/229 903/1009/229 906/1012/229 905/1010/229
f 630/993/230 786/1013/230 898/1004/230 703/994/230
f 786/1013/230 785/1014/230 899/1005/230 898/1004/230
f 785/1014/230 784/1015/230 900/1008/230 899/1005/230
f 784/1015/230 632/873/230 706/875/230 900/1008/230
f 900/1008/228 706/875/228 707/888/228 903/1009/228
f 903/1009/229 707/888/229 708/886/229 906/1012/229
f 906/1012/231 708/886/231 618/887/231 690/1016/231
f 905/1010/231 906/1012/231 690/1016/231 689/1017/231
f 904/1011/231 905/1010/231 689/1017/231 688/1018/231
f 705/996/231 904/1011/231 688/1018/231 617/997/231
f 704/995/229 901/1007/229 904/1011/229 705/996/229
f 703/994/228 898/1004/228 901/1007/228 704/995/228
f 907/1019/232 908/1020/232 911/1021/232 910/1022/232
f 908/1020/233 909/1023/233 912/1024/233 911/1021/233
f 910/1022/234 911/1021/234 914/1025/234 913/1026/234
f 911/1021/235 912/1024/235 915/1027/235 914/1025/235
f 608/1028/236 651/1029/236 907/1019/236 663/1030/236
f 651/1029/237 650/1031/237 908/1020/237 907/1019/237
f 650/1031/238 649/1032/238 909/1023/238 908/1020/238
f 649/1032/239 607/1033/239 679/1034/239 909/1023/239
f 909/1023/240 679/1034/240 680/1035/240 912/1024/240
f 912/1024/241 680/1035/241 681/1036/241 915/1027/241
f 915/1027/242 681/1036/242 615/1037/242 709/1038/242
f 914/1025/243 915/1027/243 709/1038/243 710/1039/243
f 913/1026/244 914/1025/244 710/1039/244 711/1040/244
f 661/1041/245 913/1026/245 711/1040/245 618/1042/245
f 662/1043/246 910/1022/246 913/1026/246 661/1041/246
f 663/1030/247 907/1019/247 910/1022/247 662/1043/247
f 916/1044/248 917/1045/248 920/1046/248 919/1047/248
f 917/1045/249 918/1048/249 921/1049/249 920/1046/249
f 919/1047/248 920/1046/248 923/1050/248 922/1051/248
f 920/1046/250 921/1049/250 924/1052/250 923/1050/250
f 618/1042/251 711/1040/251 916/1044/251 690/1053/251
f 711/1040/248 710/1039/248 917/1045/248 916/1044/248
f 710/1039/252 709/1038/252 918/1048/252 917/1045/252
f 709/1038/253 615/1037/253 682/1054/253 918/1048/253
f 918/1048/254 682/1054/254 683/1055/254 921/1049/254
f 921/1049/255 683/1055/255 684/1056/255 924/1052/255
f 924/1052/256 684/1056/256 616/828/256 712/827/256
f 923/1050/257 924/1052/257 712/827/257 713/826/257
f 922/1051/248 923/1050/248 713/826/248 714/824/248
f 688/1057/251 922/1051/251 714/824/251 617/823/251
f 689/1058/251 919/1047/251 922/1051/251 688/1057/251
f 690/1053/251 916/1044/251 919/1047/251 689/1058/251
f 925/1059/258 926/1060/258 929/1061/258 928/1062/258
f 926/1060/259 927/1063/259 930/1064/259 929/1061/259
f 928/1062/260 929/1061/260 932/1065/260 931/1066/260
f 929/1061/261 930/1064/261 933/1067/261 932/1065/261
f 624/903/262 780/1068/262 925/1069/262 658/904/262
f 780/1070/263 779/1071/263 926/1060/263 925/1059/263
f 779/1071/264 778/1072/264 927/1063/264 926/1060/264
f 778/1072/265 634/1073/265 715/1074/265 927/1063/265
f 927/1063/266 715/1074/266 716/1075/266 930/1064/266
f 930/1064/267 716/1075/267 717/1076/267 933/1067/267
f 933/1077/268 717/1078/268 615/1037/268 681/1036/268
f 932/1065/269 933/1067/269 681/1079/269 680/1080/269
f 931/1066/270 932/1065/270 680/1080/270 679/1081/270
f 660/1082/271 931/1066/271 679/1081/271 607/1083/271
f 659/1084/272 928/1062/272 931/1066/272 660/1082/272
f 658/904/273 925/1069/273 928/1085/273 659/905/273
f 934/1086/274 935/1087/274 938/1088/274 937/1089/274
f 935/1087/275 936/1090/275 939/1091/275 938/1088/275
f 937/1089/276 938/1088/276 941/1092/276 940/1093/276
f 938/1088/277 939/1091/277 942/1094/277 941/1092/277
f 634/1073/278 774/1095/278 934/1086/278 715/1074/278
f 774/1095/279 773/1096/279 935/1087/279 934/1086/279
f 773/1096/280 772/1097/280 936/1090/280 935/1087/280
f 772/1097/281 636/798/281 718/800/281 936/1090/281
f 936/1090/282 718/800/282 719/813/282 939/1091/282
f 939/1091/283 719/813/283 720/811/283 942/1094/283
f 942/1098/284 720/1099/284 616/828/284 684/1056/284
f 941/1100/285 942/1098/285 684/1056/285 683/1055/285
f 940/1101/286 941/1100/286 683/1055/286 682/1054/286
f 717/1078/287 940/1101/287 682/1054/287 615/1037/287
f 716/1075/288 937/1089/288 940/1093/288 717/1076/288
f 715/1074/289 934/1086/289 937/1089/289 716/1075/289
f 943/1102/290 944/1103/290 947/1104/290 946/1105/290
f 944/1103/291 945/1106/291 948/1107/291 947/1104/291
f 946/1105/292 947/1104/292 950/1108/292 949/1109/292
f 947/1104/293 948/1107/293 951/1110/293 950/1108/293
f 620/928/294 696/976/294 943/1111/294 757/1112/294
f 696/976/295 695/975/295 944/1113/295 943/1111/295
f 695/975/296 694/974/296 945/1114/296 944/1113/296
f 694/974/297 619/957/297 763/1115/297 945/1114/297
f 945/1106/298 763/1116/298 764/1117/298 948/1107/298
f 948/1107/299 764/1117/299 765/1118/299 951/1110/299
f 951/1110/300 765/1118/300 635/1119/300 769/1120/300
f 950/1108/301 951/1110/301 769/1120/301 770/1121/301
f 949/1109/302 950/1108/302 770/1121/302 771/1122/302
f 759/1123/303 949/1109/303 771/1122/303 633/1124/303
f 758/1125/304 946/1105/304 949/1109/304 759/1123/304
f 757/1126/305 943/1102/305 946/1105/305 758/1125/305
f 952/1127/306 953/1128/306 956/1129/306 955/1130/306
f 953/1128/307 954/1131/307 957/1132/307 956/1129/307
f 955/1130/308 956/1129/308 959/1133/308 958/1134/308
f 956/1129/309 957/1132/309 960/1135/309 959/1133/309
f 633/1124/310 771/1122/310 952/1127/310 760/1136/310
f 771/1122/311 770/1121/311 953/1128/311 952/1127/311
f 770/1121/312 769/1120/312 954/1131/312 953/1128/312
f 769/1120/313 635/1119/313 766/1137/313 954/1131/313
f 954/1131/314 766/1137/314 767/1138/314 957/1132/314
f 957/1132/315 767/1138/315 768/1139/315 960/1135/315
f 960/1135/316 768/1139/316 636/798/316 772/1097/316
f 959/1133/317 960/1135/317 772/1097/317 773/1096/317
f 958/1134/318 959/1133/318 773/1096/318 774/1095/318
f 762/1140/319 958/1134/319 774/1095/319 634/1073/319
f 761/1141/320 955/1130/320 958/1134/320 762/1140/320
f 760/1136/321 952/1127/321 955/1130/321 761/1141/321
f 961/1142/322 962/1143/322 965/1144/322 964/1145/322
f 962/1143/323 963/1146/323 966/1147/323 965/1144/323
f 964/1145/324 965/1144/324 968/1148/324 967/1149/324
f 965/1144/325 966/1147/325 969/1150/325 968/1148/325
f 605/1151/326 669/1152/326 961/1142/326 727/1153/326
f 669/1152/327 668/1154/327 962/1143/327 961/1142/327
f 668/1154/328 667/1155/328 963/1146/328 962/1143/328
f 667/1155/329 620/1156/329 757/1126/329 963/1146/329
f 963/1146/330 757/1126/330 758/1125/330 966/1147/330
f 966/1147/331 758/1125/331 759/1123/331 969/1150/331
f 969/1150/332 759/1123/332 633/1124/332 775/1157/332
f 968/1148/333 969/1150/333 775/1157/333 776/1158/333
f 967/1149/334 968/1148/334 776/1158/334 777/1159/334
f 729/1160/335 967/1149/335 777/1159/335 623/1161/335
f 728/1162/336 964/1145/336 967/1149/336 729/1160/336
f 727/1153/337 961/1142/337 964/1145/337 728/1162/337
f 970/1163/338 971/1164/338 974/1165/338 973/1166/338
f 971/1164/339 972/1167/339 975/1168/339 974/1165/339
f 973/1166/340 974/1165/340 977/1169/340 976/1170/340
f 974/1165/341 975/1168/341 978/1171/341 977/1169/341
f 623/1172/490 777/1173/490 970/1174/490 730/1175/490
f 777/1159/343 776/1158/343 971/1164/343 970/1163/343
f 776/1158/344 775/1157/344 972/1167/344 971/1164/344
f 775/1157/345 633/1124/345 760/1136/345 972/1167/345
f 972/1167/346 760/1136/346 761/1141/346 975/1168/346
f 975/1168/347 761/1141/347 762/1140/347 978/1171/347
f 978/1171/348 762/1140/348 634/1073/348 778/1072/348
f 977/1169/349 978/1171/349 778/1072/349 779/1071/349
f 976/1170/350 977/1169/350 779/1071/350 780/1070/350
f 732/1176/351 976/1177/351 780/1068/351 624/903/351
f 731/1178/352 973/1179/352 976/1177/352 732/1176/352
f 730/1175/353 970/1174/353 973/1179/353 731/1178/353
f 979/1180/354 980/1181/354 983/1182/354 982/1183/354
f 980/1181/354 981/1184/354 984/1185/354 983/1182/354
f 982/1183/355 983/1182/355 986/1186/355 985/1187/355
f 983/1182/355 984/1185/355 987/1188/355 986/1186/355
f 614/1189/356 678/1190/356 979/1180/356 745/1191/356
f 678/1190/356 677/1192/356 980/1181/356 979/1180/356
f 677/1192/356 676/1193/356 981/1184/356 980/1181/356
f 676/1193/356 613/1194/356 751/1195/356 981/1184/356
f 981/1184/354 751/1195/354 752/1196/354 984/1185/354
f 984/1185/355 752/1196/355 753/1197/355 987/1188/355
f 987/1188/357 753/1197/357 631/1198/357 781/1199/357
f 986/1186/357 987/1188/357 781/1199/357 782/1200/357
f 985/1187/357 986/1186/357 782/1200/357 783/1201/357
f 747/1202/357 985/1187/357 783/1201/357 629/1203/357
f 746/1204/355 982/1183/355 985/1187/355 747/1202/355
f 745/1191/354 979/1180/354 982/1183/354 746/1204/354
f 988/1205/51 989/1206/51 992/1207/51 991/1208/51
f 989/1206/51 990/1209/51 993/1210/51 992/1207/51
f 991/1208/51 992/1207/51 995/1211/51 994/1212/51
f 992/1207/51 993/1210/51 996/1213/51 995/1211/51
f 629/1203/51 783/1201/51 988/1205/51 748/1214/51
f 783/1201/51 782/1200/51 989/1206/51 988/1205/51
f 782/1200/51 781/1199/51 990/1209/51 989/1206/51
f 781/1199/51 631/1198/51 754/1215/51 990/1209/51
f 990/1209/51 754/1215/51 755/1216/51 993/1210/51
f 993/1210/51 755/1216/51 756/1217/51 996/1213/51
f 996/1213/51 756/1217/51 632/873/51 784/1015/51
f 995/1211/51 996/1213/51 784/1015/51 785/1014/51
f 994/1212/51 995/1211/51 785/1014/51 786/1013/51
f 750/1218/51 994/1212/51 786/1013/51 630/993/51
f 749/1219/51 991/1208/51 994/1212/51 750/1218/51
f 748/1214/51 988/1205/51 991/1208/51 749/1219/51
f 997/1220/358 998/1221/358 1001/1222/358 1000/1223/358
f 998/1221/491 999/1224/491 1002/1225/491 1001/1222/491
f 1000/1223/360 1001/1222/360 1004/1226/360 1003/1227/360
f 1001/1222/361 1002/1225/361 1005/1228/361 1004/1226/361
f 610/1229/362 642/1230/362 997/1220/362 721/1231/362
f 642/1230/363 641/1232/363 998/1221/363 997/1220/363
f 641/1232/364 640/1233/364 999/1224/364 998/1221/364
f 640/1233/365 614/1189/365 745/1191/365 999/1224/365
f 999/1224/366 745/1191/366 746/1204/366 1002/1225/366
f 1002/1225/367 746/1204/367 747/1202/367 1005/1228/367
f 1005/1228/368 747/1202/368 629/1203/368 787/1234/368
f 1004/1226/369 1005/1228/369 787/1234/369 788/1235/369
f 1003/1227/370 1004/1226/370 788/1235/370 789/1236/370
f 723/1237/371 1003/1227/371 789/1236/371 621/1238/371
f 722/1239/372 1000/1223/372 1003/1227/372 723/1237/372
f 721/1231/373 997/1220/373 1000/1223/373 722/1239/373
f 1006/1240/374 1007/1241/374 1010/1242/374 1009/1243/374
f 1007/1241/375 1008/1244/375 1011/1245/375 1010/1242/375
f 1009/1243/374 1010/1242/374 1013/1246/374 1012/1247/374
f 1010/1242/375 1011/1245/375 1014/1248/375 1013/1246/375
f 621/1238/376 789/1236/376 1006/1240/376 724/1249/376
f 789/1236/374 788/1235/374 1007/1241/374 1006/1240/374
f 788/1235/375 787/1234/375 1008/1244/375 1007/1241/375
f 787/1234/377 629/1203/377 748/1214/377 1008/1244/377
f 1008/1244/377 748/1214/377 749/1219/377 1011/1245/377
f 1011/1245/377 749/1219/377 750/1218/377 1014/1248/377
f 1014/1248/377 750/1218/377 630/993/377 790/992/377
f 1013/1246/375 1014/1248/375 790/992/375 791/991/375
f 1012/1247/374 1013/1246/374 791/991/374 792/989/374
f 726/1250/376 1012/1247/376 792/989/376 622/988/376
f 725/1251/376 1009/1243/376 1012/1247/376 726/1250/376
f 724/1249/376 1006/1240/376 1009/1243/376 725/1251/376
f 1015/1252/378 1016/1253/378 1019/1254/378 1018/1255/378
f 1016/1253/379 1017/1256/379 1020/1257/379 1019/1254/379
f 1018/1255/380 1019/1254/380 1022/1258/380 1021/1259/380
f 1019/1254/381 1020/1257/381 1023/1260/381 1022/1258/381
f 606/1261/382 645/1262/382 1015/1252/382 672/1263/382
f 645/1262/383 644/1264/383 1016/1253/383 1015/1252/383
f 644/1264/384 643/1265/384 1017/1256/384 1016/1253/384
f 643/1265/385 605/1266/385 727/1267/385 1017/1256/385
f 1017/1256/492 727/1267/492 728/1268/492 1020/1257/492
f 1020/1257/387 728/1268/387 729/1269/387 1023/1260/387
f 1023/1260/388 729/1269/388 623/1172/388 793/1270/388
f 1022/1258/389 1023/1260/389 793/1270/389 794/1271/389
f 1021/1259/390 1022/1258/390 794/1271/390 795/1272/390
f 670/1273/391 1021/1259/391 795/1272/391 628/1274/391
f 671/1275/392 1018/1255/392 1021/1259/392 670/1273/392
f 672/1263/393 1015/1252/393 1018/1255/393 671/1275/393
f 1024/1276/394 1025/1277/394 1028/1278/394 1027/1279/394
f 1025/1277/395 1026/1280/395 1029/1281/395 1028/1278/395
f 1027/1279/394 1028/1278/394 1031/1282/394 1030/1283/394
f 1028/1278/396 1029/1281/396 1032/1284/396 1031/1282/396
f 628/1274/397 795/1272/397 1024/1276/397 744/1285/397
f 795/1272/394 794/1271/394 1025/1277/394 1024/1276/394
f 794/1271/398 793/1270/398 1026/1280/398 1025/1277/398
f 793/1270/399 623/1172/399 730/1175/399 1026/1280/399
f 1026/1280/400 730/1175/400 731/1178/400 1029/1281/400
f 1029/1281/401 731/1178/401 732/1176/401 1032/1284/401
f 1032/1284/402 732/1176/402 624/903/402 796/902/402
f 1031/1282/403 1032/1284/403 796/902/403 797/901/403
f 1030/1283/394 1031/1282/394 797/901/394 798/899/394
f 742/1286/397 1030/1283/397 798/899/397 627/898/397
f 743/1287/397 1027/1279/397 1030/1283/397 742/1286/397
f 744/1285/397 1024/1276/397 1027/1279/397 743/1287/397
f 1033/1288/404 1034/1289/404 1037/1290/404 1036/1291/404
f 1034/1289/405 1035/1292/405 1038/1293/405 1037/1290/405
f 1036/1291/406 1037/1290/406 1040/1294/406 1039/1295/406
f 1037/1290/407 1038/1293/407 1041/1296/407 1040/1294/407
f 613/1194/408 675/1297/408 1033/1288/408 751/1195/408
f 675/1297/409 674/1298/409 1034/1289/409 1033/1288/409
f 674/1298/410 673/1299/410 1035/1292/410 1034/1289/410
f 673/1299/411 606/1300/411 672/1301/411 1035/1292/411
f 1035/1292/412 672/1301/412 671/1302/412 1038/1293/412
f 1038/1293/413 671/1302/413 670/1303/413 1041/1296/413
f 1041/1296/414 670/1303/414 628/1304/414 799/1305/414
f 1040/1294/415 1041/1296/415 799/1305/415 800/1306/415
f 1039/1295/416 1040/1294/416 800/1306/416 801/1307/416
f 753/1197/417 1039/1295/417 801/1307/417 631/1198/417
f 752/1196/418 1036/1291/418 1039/1295/418 753/1197/418
f 751/1195/419 1033/1288/419 1036/1291/419 752/1196/419
f 1042/1308/420 1043/1309/420 1046/1310/420 1045/1311/420
f 1043/1309/421 1044/1312/421 1047/1313/421 1046/1310/421
f 1045/1311/420 1046/1310/420 1049/1314/420 1048/1315/420
f 1046/1310/421 1047/1313/421 1050/1316/421 1049/1314/421
f 631/1198/422 801/1307/422 1042/1308/422 754/1215/422
f 801/1307/420 800/1306/420 1043/1309/420 1042/1308/420
f 800/1306/421 799/1305/421 1044/1312/421 1043/1309/421
f 799/1305/423 628/1304/423 744/1317/423 1044/1312/423
f 1044/1312/423 744/1317/423 743/1318/423 1047/1313/423
f 1047/1313/423 743/1318/423 742/1319/423 1050/1316/423
f 1050/1316/423 742/1319/423 627/878/423 802/877/423
f 1049/1314/421 1050/1316/421 802/877/421 803/876/421
f 1048/1315/420 1049/1314/420 803/876/420 804/874/420
f 756/1217/422 1048/1315/422 804/874/422 632/873/422
f 755/1216/422 1045/1311/422 1048/1315/422 756/1217/422
f 754/1215/422 1042/1308/422 1045/1311/422 755/1216/422
f 1051/1320/424 1052/1321/424 1055/1322/424 1054/1323/424
f 1052/1321/425 1053/1324/425 1056/1325/425 1055/1322/425
f 1054/1323/426 1055/1322/426 1058/1326/426 1057/1327/426
f 1055/1322/427 1056/1325/427 1059/1328/427 1058/1326/427
f 612/1329/428 646/1330/428 1051/1320/428 639/1331/428
f 646/1330/429 647/1332/429 1052/1321/429 1051/1320/429
f 647/1332/430 648/1333/430 1053/1324/430 1052/1321/430
f 648/1333/431 611/1334/431 733/1335/431 1053/1324/431
f 1053/1324/432 733/1335/432 734/1336/432 1056/1325/432
f 1056/1325/433 734/1336/433 735/1337/433 1059/1328/433
f 1059/1328/434 735/1337/434 625/1338/434 805/1339/434
f 1058/1326/435 1059/1328/435 805/1339/435 806/1340/435
f 1057/1327/436 1058/1326/436 806/1340/436 807/1341/436
f 637/1342/437 1057/1327/437 807/1341/437 622/1343/437
f 638/1344/493 1054/1323/493 1057/1327/493 637/1342/493
f 639/1331/439 1051/1320/439 1054/1323/439 638/1344/439
f 1060/1345/440 1061/1346/440 1064/1347/440 1063/1348/440
f 1061/1346/441 1062/1349/441 1065/1350/441 1064/1347/441
f 1063/1348/442 1064/1347/442 1067/1351/442 1066/1352/442
f 1064/1347/443 1065/1350/443 1068/1353/443 1067/1351/443
f 622/1343/444 807/1341/444 1060/1345/444 726/1354/444
f 807/1341/445 806/1340/445 1061/1346/445 1060/1345/445
f 806/1340/446 805/1339/446 1062/1349/446 1061/1346/446
f 805/1339/447 625/1338/447 736/1355/447 1062/1349/447
f 1062/1349/448 736/1355/448 737/1356/448 1065/1350/448
f 1065/1350/449 737/1356/449 738/1357/449 1068/1353/449
f 1068/1353/450 738/1357/450 626/853/450 808/852/450
f 1067/1351/451 1068/1353/451 808/852/451 809/851/451
f 1066/1352/452 1067/1351/452 809/851/452 810/849/452
f 724/1358/444 1066/1352/444 810/849/444 621/848/444
f 725/1359/444 1063/1348/444 1066/1352/444 724/1358/444
f 726/1354/444 1060/1345/444 1063/1348/444 725/1359/444
f 1069/1360/453 1070/1361/453 1073/1362/453 1072/1363/453
f 1070/1361/454 1071/1364/454 1074/1365/454 1073/1362/454
f 1072/1363/455 1073/1362/455 1076/1366/455 1075/1367/455
f 1073/1362/456 1074/1365/456 1077/1368/456 1076/1366/456
f 619/957/457 693/956/457 1069/1369/457 763/1115/457
f 693/956/458 692/955/458 1070/1370/458 1069/1369/458
f 692/1371/459 691/1372/459 1071/1364/459 1070/1361/459
f 691/1372/494 609/1373/494 666/1374/494 1071/1364/494
f 1071/1364/461 666/1374/461 665/1375/461 1074/1365/461
f 1074/1365/462 665/1375/462 664/1376/462 1077/1368/462
f 1077/1368/463 664/1376/463 626/1377/463 811/1378/463
f 1076/1366/464 1077/1368/464 811/1378/464 812/1379/464
f 1075/1367/465 1076/1366/465 812/1379/465 813/1380/465
f 765/1118/466 1075/1367/466 813/1380/466 635/1119/466
f 764/1117/467 1072/1363/467 1075/1367/467 765/1118/467
f 763/1116/468 1069/1360/468 1072/1363/468 764/1117/468
f 1078/1381/469 1079/1382/469 1082/1383/469 1081/1384/469
f 1079/1382/470 1080/1385/470 1083/1386/470 1082/1383/470
f 1081/1384/471 1082/1383/471 1085/1387/471 1084/1388/471
f 1082/1383/472 1083/1386/472 1086/1389/472 1085/1387/472
f 635/1119/473 813/1380/473 1078/1381/473 766/1137/473
f 813/1380/474 812/1379/474 1079/1382/474 1078/1381/474
f 812/1379/475 811/1378/475 1080/1385/475 1079/1382/475
f 811/1378/476 626/1377/476 738/1390/476 1080/1385/476
f 1080/1391/477 738/1357/477 737/1356/477 1083/1392/477
f 1083/1392/478 737/1356/478 736/1355/478 1086/1393/478
f 1086/1393/479 736/1355/479 625/1338/479 814/1394/479
f 1085/1387/480 1086/1389/480 814/802/480 815/801/480
f 1084/1388/481 1085/1387/481 815/801/481 816/799/481
f 768/1139/482 1084/1388/482 816/799/482 636/798/482
f 767/1138/483 1081/1384/483 1084/1388/483 768/1139/483
f 766/1137/484 1078/1381/484 1081/1384/484 767/1138/484
f 1299/1395/91 1300/1396/91 1303/1397/91 1302/1398/91
f 1300/1396/92 1301/1399/92 1304/1400/92 1303/1397/92
f 1302/1398/93 1303/1397/93 1306/1401/93 1305/1402/93
f 1303/1397/94 1304/1400/94 1307/1403/94 1306/1401/94
f 1118/1404/95 1298/1405/95 1299/1395/95 1200/1406/95
f 1298/1405/96 1297/1407/96 1300/1396/96 1299/1395/96
f 1297/1407/495 1296/1408/495 1301/1399/495 1300/1396/495
f 1296/1408/98 1107/1409/98 1217/1410/98 1301/1399/98
f 1301/1399/99 1217/1410/99 1216/1411/99 1304/1400/99
f 1304/1400/496 1216/1411/496 1215/1412/496 1307/1403/496
f 1307/1403/101 1215/1412/101 1093/1413/101 1139/1414/101
f 1306/1401/102 1307/1403/102 1139/1414/102 1138/1415/102
f 1305/1402/103 1306/1401/103 1138/1415/103 1137/1416/103
f 1202/1417/104 1305/1402/104 1137/1416/104 1098/1418/104
f 1201/1419/105 1302/1398/105 1305/1402/105 1202/1417/105
f 1200/1406/106 1299/1395/106 1302/1398/106 1201/1419/106
f 1308/1420/107 1309/1421/107 1312/1422/107 1311/1423/107
f 1309/1421/108 1310/1424/108 1313/1425/108 1312/1422/108
f 1311/1423/109 1312/1422/109 1315/1426/109 1314/1427/109
f 1312/1422/497 1313/1425/497 1316/1428/497 1315/1426/497
f 1099/1429/111 1196/1430/111 1308/1420/111 1169/1431/111
f 1196/1430/112 1195/1432/112 1309/1421/112 1308/1420/112
f 1195/1432/113 1194/1433/113 1310/1424/113 1309/1421/113
f 1194/1433/114 1098/1434/114 1137/1435/114 1310/1424/114
f 1310/1424/115 1137/1435/115 1138/1436/115 1313/1425/115
f 1313/1425/485 1138/1436/485 1139/1437/485 1316/1428/485
f 1316/1428/117 1139/1437/117 1093/1438/117 1130/1439/117
f 1315/1426/118 1316/1428/118 1130/1439/118 1129/1440/118
f 1314/1427/119 1315/1426/119 1129/1440/119 1128/1441/119
f 1167/1442/120 1314/1427/120 1128/1441/120 1094/1443/120
f 1168/1444/121 1311/1423/121 1314/1427/121 1167/1442/121
f 1169/1431/122 1308/1420/122 1311/1423/122 1168/1444/122
f 1317/1445/123 1318/1446/123 1321/1447/123 1320/1448/123
f 1318/1446/124 1319/1449/124 1322/1450/124 1321/1447/124
f 1320/1448/125 1321/1447/125 1324/1451/125 1323/1452/125
f 1321/1447/126 1322/1450/126 1325/1453/126 1324/1451/126
f 1103/1454/127 1292/1455/127 1317/1445/127 1205/1456/127
f 1292/1455/128 1291/1457/128 1318/1446/128 1317/1445/128
f 1291/1457/129 1290/1458/129 1319/1449/129 1318/1446/129
f 1290/1458/130 1108/1459/130 1146/1460/130 1319/1449/130
f 1319/1449/131 1146/1460/131 1147/1461/131 1322/1450/131
f 1322/1450/132 1147/1461/132 1148/1462/132 1325/1453/132
f 1325/1453/498 1148/1462/498 1091/1463/498 1134/1464/498
f 1324/1451/134 1325/1453/134 1134/1464/134 1135/1465/134
f 1323/1452/135 1324/1451/135 1135/1465/135 1136/1466/135
f 1203/1467/136 1323/1452/136 1136/1466/136 1092/1468/136
f 1204/1469/137 1320/1448/137 1323/1452/137 1203/1467/137
f 1205/1456/499 1317/1445/499 1320/1448/499 1204/1469/499
f 1326/1470/139 1327/1471/139 1330/1472/139 1329/1473/139
f 1327/1471/140 1328/1474/140 1331/1475/140 1330/1472/140
f 1329/1473/487 1330/1472/487 1333/1476/487 1332/1477/487
f 1330/1472/142 1331/1475/142 1334/1478/142 1333/1476/142
f 1114/1479/143 1286/1480/143 1326/1470/143 1188/1481/143
f 1286/1480/144 1285/1482/144 1327/1471/144 1326/1470/144
f 1285/1482/145 1284/1483/145 1328/1474/145 1327/1471/145
f 1284/1483/146 1109/1484/146 1223/1485/146 1328/1474/146
f 1328/1474/147 1223/1485/147 1222/1486/147 1331/1475/147
f 1331/1475/148 1222/1486/148 1221/1487/148 1334/1478/148
f 1334/1478/149 1221/1487/149 1090/1488/149 1145/1489/149
f 1333/1476/150 1334/1478/150 1145/1489/150 1144/1490/150
f 1332/1477/151 1333/1476/151 1144/1490/151 1143/1491/151
f 1190/1492/152 1332/1477/152 1143/1491/152 1100/1493/152
f 1189/1494/153 1329/1473/153 1332/1477/153 1190/1492/153
f 1188/1481/154 1326/1470/154 1329/1473/154 1189/1494/154
f 1335/1495/155 1336/1496/155 1339/1497/155 1338/1498/155
f 1336/1496/156 1337/1499/156 1340/1500/156 1339/1497/156
f 1338/1498/157 1339/1497/157 1342/1501/157 1341/1502/157
f 1339/1497/158 1340/1500/158 1343/1503/158 1342/1501/158
f 1109/1504/159 1280/1505/159 1335/1495/159 1223/1506/159
f 1280/1505/160 1279/1507/160 1336/1496/160 1335/1495/160
f 1279/1507/161 1278/1508/161 1337/1499/161 1336/1496/161
f 1278/1508/162 1106/1509/162 1140/1510/162 1337/1499/162
f 1337/1499/163 1140/1510/163 1141/1511/163 1340/1500/163
f 1340/1500/164 1141/1511/164 1142/1512/164 1343/1503/164
f 1343/1503/165 1142/1512/165 1089/1513/165 1131/1514/165
f 1342/1501/166 1343/1503/166 1131/1514/166 1132/1515/166
f 1341/1502/167 1342/1501/167 1132/1515/167 1133/1516/167
f 1221/1517/168 1341/1502/168 1133/1516/168 1090/1518/168
f 1222/1519/169 1338/1498/169 1341/1502/169 1221/1517/169
f 1223/1506/500 1335/1495/500 1338/1498/500 1222/1519/500
f 1344/1520/171 1345/1521/171 1348/1522/171 1347/1523/171
f 1345/1521/172 1346/1524/172 1349/1525/172 1348/1522/172
f 1347/1523/173 1348/1522/173 1351/1526/173 1350/1527/173
f 1348/1522/174 1349/1525/174 1352/1528/174 1351/1526/174
f 1095/1529/175 1184/1530/175 1344/1520/175 1157/1531/175
f 1184/1530/176 1183/1532/176 1345/1521/176 1344/1520/176
f 1183/1532/177 1182/1533/177 1346/1524/177 1345/1521/177
f 1182/1533/178 1102/1534/178 1149/1535/178 1346/1524/178
f 1346/1524/179 1149/1535/179 1150/1536/179 1349/1525/179
f 1349/1525/180 1150/1536/180 1151/1537/180 1352/1528/180
f 1352/1528/181 1151/1537/181 1087/1538/181 1125/1539/181
f 1351/1526/182 1352/1528/182 1125/1539/182 1126/1540/182
f 1350/1527/183 1351/1526/183 1126/1540/183 1127/1541/183
f 1155/1542/184 1350/1527/184 1127/1541/184 1088/1543/184
f 1156/1544/185 1347/1523/185 1350/1527/185 1155/1542/185
f 1157/1531/186 1344/1520/186 1347/1523/186 1156/1544/186
f 1353/1545/187 1354/1546/187 1357/1547/187 1356/1548/187
f 1354/1546/188 1355/1549/188 1358/1550/188 1357/1547/188
f 1356/1548/189 1357/1547/189 1360/1551/189 1359/1552/189
f 1357/1547/190 1358/1550/190 1361/1553/190 1360/1551/190
f 1092/1554/191 1136/1555/191 1353/1545/191 1124/1556/191
f 1136/1555/192 1135/1557/192 1354/1546/192 1353/1545/192
f 1135/1557/193 1134/1558/193 1355/1549/193 1354/1546/193
f 1134/1558/488 1091/1559/488 1173/1560/488 1355/1549/488
f 1355/1549/195 1173/1560/195 1174/1561/195 1358/1550/195
f 1358/1550/489 1174/1561/489 1175/1562/489 1361/1553/489
f 1361/1553/197 1175/1562/197 1101/1563/197 1179/1564/197
f 1360/1551/198 1361/1553/198 1179/1564/198 1180/1565/198
f 1359/1552/199 1360/1551/199 1180/1565/199 1181/1566/199
f 1122/1567/200 1359/1552/200 1181/1566/200 1096/1568/200
f 1123/1569/501 1356/1548/501 1359/1552/501 1122/1567/501
f 1124/1556/202 1353/1545/202 1356/1548/202 1123/1569/202
f 1362/1570/203 1363/1571/203 1366/1572/203 1365/1573/203
f 1363/1571/204 1364/1574/204 1367/1575/204 1366/1572/204
f 1365/1573/203 1366/1572/203 1369/1576/203 1368/1577/203
f 1366/1572/205 1367/1575/205 1370/1578/205 1369/1576/205
f 1096/1568/206 1181/1566/206 1362/1570/206 1160/1579/206
f 1181/1566/203 1180/1565/203 1363/1571/203 1362/1570/203
f 1180/1565/207 1179/1564/207 1364/1574/207 1363/1571/207
f 1179/1564/208 1101/1563/208 1176/1580/208 1364/1574/208
f 1364/1574/209 1176/1580/209 1177/1581/209 1367/1575/209
f 1367/1575/210 1177/1581/210 1178/1582/210 1370/1578/210
f 1370/1578/211 1178/1582/211 1102/1534/211 1182/1533/211
f 1369/1576/205 1370/1578/205 1182/1533/205 1183/1532/205
f 1368/1577/203 1369/1576/203 1183/1532/203 1184/1530/203
f 1158/1583/206 1368/1577/206 1184/1530/206 1095/1529/206
f 1159/1584/206 1365/1573/206 1368/1577/206 1158/1583/206
f 1160/1579/206 1362/1570/206 1365/1573/206 1159/1584/206
f 1371/1585/212 1372/1586/212 1375/1587/212 1374/1588/212
f 1372/1586/213 1373/1589/213 1376/1590/213 1375/1587/213
f 1374/1588/214 1375/1587/214 1378/1591/214 1377/1592/214
f 1375/1587/215 1376/1590/215 1379/1593/215 1378/1591/215
f 1104/1594/216 1274/1595/216 1371/1585/216 1119/1596/216
f 1274/1595/217 1273/1597/217 1372/1586/217 1371/1585/217
f 1273/1597/218 1272/1598/218 1373/1589/218 1372/1586/218
f 1272/1598/219 1112/1599/219 1185/1600/219 1373/1589/219
f 1373/1589/220 1185/1600/220 1186/1601/220 1376/1590/220
f 1376/1590/221 1186/1601/221 1187/1602/221 1379/1593/221
f 1379/1593/222 1187/1602/222 1099/1603/222 1169/1604/222
f 1378/1591/223 1379/1593/223 1169/1604/223 1168/1605/223
f 1377/1592/224 1378/1591/224 1168/1605/224 1167/1606/224
f 1121/1607/225 1377/1592/225 1167/1606/225 1094/1608/225
f 1120/1609/226 1374/1588/226 1377/1592/226 1121/1607/226
f 1119/1596/227 1371/1585/227 1374/1588/227 1120/1609/227
f 1380/1610/228 1381/1611/228 1384/1612/228 1383/1613/228
f 1381/1611/228 1382/1614/228 1385/1615/228 1384/1612/228
f 1383/1613/229 1384/1612/229 1387/1616/229 1386/1617/229
f 1384/1612/229 1385/1615/229 1388/1618/229 1387/1616/229
f 1112/1599/230 1268/1619/230 1380/1610/230 1185/1600/230
f 1268/1619/230 1267/1620/230 1381/1611/230 1380/1610/230
f 1267/1620/230 1266/1621/230 1382/1614/230 1381/1611/230
f 1266/1621/230 1114/1479/230 1188/1481/230 1382/1614/230
f 1382/1614/228 1188/1481/228 1189/1494/228 1385/1615/228
f 1385/1615/229 1189/1494/229 1190/1492/229 1388/1618/229
f 1388/1618/231 1190/1492/231 1100/1493/231 1172/1622/231
f 1387/1616/231 1388/1618/231 1172/1622/231 1171/1623/231
f 1386/1617/231 1387/1616/231 1171/1623/231 1170/1624/231
f 1187/1602/231 1386/1617/231 1170/1624/231 1099/1603/231
f 1186/1601/229 1383/1613/229 1386/1617/229 1187/1602/229
f 1185/1600/228 1380/1610/228 1383/1613/228 1186/1601/228
f 1389/1625/232 1390/1626/232 1393/1627/232 1392/1628/232
f 1390/1626/233 1391/1629/233 1394/1630/233 1393/1627/233
f 1392/1628/234 1393/1627/234 1396/1631/234 1395/1632/234
f 1393/1627/235 1394/1630/235 1397/1633/235 1396/1631/235
f 1090/1634/236 1133/1635/236 1389/1625/236 1145/1636/236
f 1133/1635/237 1132/1637/237 1390/1626/237 1389/1625/237
f 1132/1637/238 1131/1638/238 1391/1629/238 1390/1626/238
f 1131/1638/239 1089/1639/239 1161/1640/239 1391/1629/239
f 1391/1629/240 1161/1640/240 1162/1641/240 1394/1630/240
f 1394/1630/241 1162/1641/241 1163/1642/241 1397/1633/241
f 1397/1633/242 1163/1642/242 1097/1643/242 1191/1644/242
f 1396/1631/243 1397/1633/243 1191/1644/243 1192/1645/243
f 1395/1632/244 1396/1631/244 1192/1645/244 1193/1646/244
f 1143/1647/245 1395/1632/245 1193/1646/245 1100/1648/245
f 1144/1649/246 1392/1628/246 1395/1632/246 1143/1647/246
f 1145/1636/247 1389/1625/247 1392/1628/247 1144/1649/247
f 1398/1650/248 1399/1651/248 1402/1652/248 1401/1653/248
f 1399/1651/249 1400/1654/249 1403/1655/249 1402/1652/249
f 1401/1653/248 1402/1652/248 1405/1656/248 1404/1657/248
f 1402/1652/250 1403/1655/250 1406/1658/250 1405/1656/250
f 1100/1648/251 1193/1646/251 1398/1650/251 1172/1659/251
f 1193/1646/248 1192/1645/248 1399/1651/248 1398/1650/248
f 1192/1645/252 1191/1644/252 1400/1654/252 1399/1651/252
f 1191/1644/502 1097/1643/502 1164/1660/502 1400/1654/502
f 1400/1654/254 1164/1660/254 1165/1661/254 1403/1655/254
f 1403/1655/255 1165/1661/255 1166/1662/255 1406/1658/255
f 1406/1658/256 1166/1662/256 1098/1434/256 1194/1433/256
f 1405/1656/257 1406/1658/257 1194/1433/257 1195/1432/257
f 1404/1657/248 1405/1656/248 1195/1432/248 1196/1430/248
f 1170/1663/251 1404/1657/251 1196/1430/251 1099/1429/251
f 1171/1664/251 1401/1653/251 1404/1657/251 1170/1663/251
f 1172/1659/251 1398/1650/251 1401/1653/251 1171/1664/251
f 1407/1665/258 1408/1666/258 1411/1667/258 1410/1668/258
f 1408/1666/259 1409/1669/259 1412/1670/259 1411/1667/259
f 1410/1668/260 1411/1667/260 1414/1671/260 1413/1672/260
f 1411/1667/261 1412/1670/261 1415/1673/261 1414/1671/261
f 1106/1509/262 1262/1674/262 1407/1675/262 1140/1510/262
f 1262/1676/263 1261/1677/263 1408/1666/263 1407/1665/263
f 1261/1677/264 1260/1678/264 1409/1669/264 1408/1666/264
f 1260/1678/265 1116/1679/265 1197/1680/265 1409/1669/265
f 1409/1669/266 1197/1680/266 1198/1681/266 1412/1670/266
f 1412/1670/267 1198/1681/267 1199/1682/267 1415/1673/267
f 1415/1683/268 1199/1684/268 1097/1643/268 1163/1642/268
f 1414/1671/269 1415/1673/269 1163/1685/269 1162/1686/269
f 1413/1672/270 1414/1671/270 1162/1686/270 1161/1687/270
f 1142/1688/271 1413/1672/271 1161/1687/271 1089/1689/271
f 1141/1690/272 1410/1668/272 1413/1672/272 1142/1688/272
f 1140/1510/273 1407/1675/273 1410/1691/273 1141/1511/273
f 1416/1692/274 1417/1693/274 1420/1694/274 1419/1695/274
f 1417/1693/275 1418/1696/275 1421/1697/275 1420/1694/275
f 1419/1695/276 1420/1694/276 1423/1698/276 1422/1699/276
f 1420/1694/277 1421/1697/277 1424/1700/277 1423/1698/277
f 1116/1679/278 1256/1701/278 1416/1692/278 1197/1680/278
f 1256/1701/279 1255/1702/279 1417/1693/279 1416/1692/279
f 1255/1702/280 1254/1703/280 1418/1696/280 1417/1693/280
f 1254/1703/281 1118/1404/281 1200/1406/281 1418/1696/281
f 1418/1696/282 1200/1406/282 1201/1419/282 1421/1697/282
f 1421/1697/283 1201/1419/283 1202/1417/283 1424/1700/283
f 1424/1704/284 1202/1705/284 1098/1434/284 1166/1662/284
f 1423/1706/285 1424/1704/285 1166/1662/285 1165/1661/285
f 1422/1707/286 1423/1706/286 1165/1661/286 1164/1660/286
f 1199/1684/287 1422/1707/287 1164/1660/287 1097/1643/287
f 1198/1681/288 1419/1695/288 1422/1699/288 1199/1682/288
f 1197/1680/289 1416/1692/289 1419/1695/289 1198/1681/289
f 1425/1708/290 1426/1709/290 1429/1710/290 1428/1711/290
f 1426/1709/291 1427/1712/291 1430/1713/291 1429/1710/291
f 1428/1711/292 1429/1710/292 1432/1714/292 1431/1715/292
f 1429/1710/293 1430/1713/293 1433/1716/293 1432/1714/293
f 1102/1534/294 1178/1582/294 1425/1717/294 1239/1718/294
f 1178/1582/295 1177/1581/295 1426/1719/295 1425/1717/295
f 1177/1581/296 1176/1580/296 1427/1720/296 1426/1719/296
f 1176/1580/297 1101/1563/297 1245/1721/297 1427/1720/297
f 1427/1712/503 1245/1722/503 1246/1723/503 1430/1713/503
f 1430/1713/299 1246/1723/299 1247/1724/299 1433/1716/299
f 1433/1716/300 1247/1724/300 1117/1725/300 1251/1726/300
f 1432/1714/301 1433/1716/301 1251/1726/301 1252/1727/301
f 1431/1715/302 1432/1714/302 1252/1727/302 1253/1728/302
f 1241/1729/303 1431/1715/303 1253/1728/303 1115/1730/303
f 1240/1731/304 1428/1711/304 1431/1715/304 1241/1729/304
f 1239/1732/305 1425/1708/305 1428/1711/305 1240/1731/305
f 1434/1733/306 1435/1734/306 1438/1735/306 1437/1736/306
f 1435/1734/307 1436/1737/307 1439/1738/307 1438/1735/307
f 1437/1736/308 1438/1735/308 1441/1739/308 1440/1740/308
f 1438/1735/309 1439/1738/309 1442/1741/309 1441/1739/309
f 1115/1730/310 1253/1728/310 1434/1733/310 1242/1742/310
f 1253/1728/311 1252/1727/311 1435/1734/311 1434/1733/311
f 1252/1727/312 1251/1726/312 1436/1737/312 1435/1734/312
f 1251/1726/313 1117/1725/313 1248/1743/313 1436/1737/313
f 1436/1737/314 1248/1743/314 1249/1744/314 1439/1738/314
f 1439/1738/315 1249/1744/315 1250/1745/315 1442/1741/315
f 1442/1741/316 1250/1745/316 1118/1404/316 1254/1703/316
f 1441/1739/317 1442/1741/317 1254/1703/317 1255/1702/317
f 1440/1740/318 1441/1739/318 1255/1702/318 1256/1701/318
f 1244/1746/319 1440/1740/319 1256/1701/319 1116/1679/319
f 1243/1747/320 1437/1736/320 1440/1740/320 1244/1746/320
f 1242/1742/321 1434/1733/321 1437/1736/321 1243/1747/321
f 1443/1748/322 1444/1749/322 1447/1750/322 1446/1751/322
f 1444/1749/323 1445/1752/323 1448/1753/323 1447/1750/323
f 1446/1751/324 1447/1750/324 1450/1754/324 1449/1755/324
f 1447/1750/325 1448/1753/325 1451/1756/325 1450/1754/325
f 1087/1757/326 1151/1758/326 1443/1748/326 1209/1759/326
f 1151/1758/327 1150/1760/327 1444/1749/327 1443/1748/327
f 1150/1760/328 1149/1761/328 1445/1752/328 1444/1749/328
f 1149/1761/329 1102/1762/329 1239/1732/329 1445/1752/329
f 1445/1752/330 1239/1732/330 1240/1731/330 1448/1753/330
f 1448/1753/331 1240/1731/331 1241/1729/331 1451/1756/331
f 1451/1756/332 1241/1729/332 1115/1730/332 1257/1763/332
f 1450/1754/333 1451/1756/333 1257/1763/333 1258/1764/333
f 1449/1755/334 1450/1754/334 1258/1764/334 1259/1765/334
f 1211/1766/335 1449/1755/335 1259/1765/335 1105/1767/335
f 1210/1768/336 1446/1751/336 1449/1755/336 1211/1766/336
f 1209/1759/337 1443/1748/337 1446/1751/337 1210/1768/337
f 1452/1769/338 1453/1770/338 1456/1771/338 1455/1772/338
f 1453/1770/339 1454/1773/339 1457/1774/339 1456/1771/339
f 1455/1772/340 1456/1771/340 1459/1775/340 1458/1776/340
f 1456/1771/341 1457/1774/341 1460/1777/341 1459/1775/341
f 1105/1778/342 1259/1779/342 1452/1780/342 1212/1781/342
f 1259/1765/343 1258/1764/343 1453/1770/343 1452/1769/343
f 1258/1764/344 1257/1763/344 1454/1773/344 1453/1770/344
f 1257/1763/345 1115/1730/345 1242/1742/345 1454/1773/345
f 1454/1773/346 1242/1742/346 1243/1747/346 1457/1774/346
f 1457/1774/347 1243/1747/347 1244/1746/347 1460/1777/347
f 1460/1777/348 1244/1746/348 1116/1679/348 1260/1678/348
f 1459/1775/349 1460/1777/349 1260/1678/349 1261/1677/349
f 1458/1776/350 1459/1775/350 1261/1677/350 1262/1676/350
f 1214/1782/351 1458/1783/351 1262/1674/351 1106/1509/351
f 1213/1784/352 1455/1785/352 1458/1783/352 1214/1782/352
f 1212/1781/353 1452/1780/353 1455/1785/353 1213/1784/353
f 1461/1786/354 1462/1787/354 1465/1788/354 1464/1789/354
f 1462/1787/354 1463/1790/354 1466/1791/354 1465/1788/354
f 1464/1789/355 1465/1788/355 1468/1792/355 1467/1793/355
f 1465/1788/355 1466/1791/355 1469/1794/355 1468/1792/355
f 1096/1795/356 1160/1796/356 1461/1786/356 1227/1797/356
f 1160/1796/356 1159/1798/356 1462/1787/356 1461/1786/356
f 1159/1798/356 1158/1799/356 1463/1790/356 1462/1787/356
f 1158/1799/356 1095/1800/356 1233/1801/356 1463/1790/356
f 1463/1790/354 1233/1801/354 1234/1802/354 1466/1791/354
f 1466/1791/355 1234/1802/355 1235/1803/355 1469/1794/355
f 1469/1794/357 1235/1803/357 1113/1804/357 1263/1805/357
f 1468/1792/357 1469/1794/357 1263/1805/357 1264/1806/357
f 1467/1793/357 1468/1792/357 1264/1806/357 1265/1807/357
f 1229/1808/357 1467/1793/357 1265/1807/357 1111/1809/357
f 1228/1810/355 1464/1789/355 1467/1793/355 1229/1808/355
f 1227/1797/354 1461/1786/354 1464/1789/354 1228/1810/354
f 1470/1811/51 1471/1812/51 1474/1813/51 1473/1814/51
f 1471/1812/51 1472/1815/51 1475/1816/51 1474/1813/51
f 1473/1814/51 1474/1813/51 1477/1817/51 1476/1818/51
f 1474/1813/51 1475/1816/51 1478/1819/51 1477/1817/51
f 1111/1809/51 1265/1807/51 1470/1811/51 1230/1820/51
f 1265/1807/51 1264/1806/51 1471/1812/51 1470/1811/51
f 1264/1806/51 1263/1805/51 1472/1815/51 1471/1812/51
f 1263/1805/51 1113/1804/51 1236/1821/51 1472/1815/51
f 1472/1815/51 1236/1821/51 1237/1822/51 1475/1816/51
f 1475/1816/51 1237/1822/51 1238/1823/51 1478/1819/51
f 1478/1819/51 1238/1823/51 1114/1479/51 1266/1621/51
f 1477/1817/51 1478/1819/51 1266/1621/51 1267/1620/51
f 1476/1818/51 1477/1817/51 1267/1620/51 1268/1619/51
f 1232/1824/51 1476/1818/51 1268/1619/51 1112/1599/51
f 1231/1825/51 1473/1814/51 1476/1818/51 1232/1824/51
f 1230/1820/51 1470/1811/51 1473/1814/51 1231/1825/51
f 1479/1826/358 1480/1827/358 1483/1828/358 1482/1829/358
f 1480/1827/491 1481/1830/491 1484/1831/491 1483/1828/491
f 1482/1829/360 1483/1828/360 1486/1832/360 1485/1833/360
f 1483/1828/361 1484/1831/361 1487/1834/361 1486/1832/361
f 1092/1835/362 1124/1836/362 1479/1826/362 1203/1837/362
f 1124/1836/363 1123/1838/363 1480/1827/363 1479/1826/363
f 1123/1838/364 1122/1839/364 1481/1830/364 1480/1827/364
f 1122/1839/365 1096/1795/365 1227/1797/365 1481/1830/365
f 1481/1830/366 1227/1797/366 1228/1810/366 1484/1831/366
f 1484/1831/367 1228/1810/367 1229/1808/367 1487/1834/367
f 1487/1834/368 1229/1808/368 1111/1809/368 1269/1840/368
f 1486/1832/369 1487/1834/369 1269/1840/369 1270/1841/369
f 1485/1833/370 1486/1832/370 1270/1841/370 1271/1842/370
f 1205/1843/371 1485/1833/371 1271/1842/371 1103/1844/371
f 1204/1845/372 1482/1829/372 1485/1833/372 1205/1843/372
f 1203/1837/373 1479/1826/373 1482/1829/373 1204/1845/373
f 1488/1846/374 1489/1847/374 1492/1848/374 1491/1849/374
f 1489/1847/375 1490/1850/375 1493/1851/375 1492/1848/375
f 1491/1849/374 1492/1848/374 1495/1852/374 1494/1853/374
f 1492/1848/375 1493/1851/375 1496/1854/375 1495/1852/375
f 1103/1844/376 1271/1842/376 1488/1846/376 1206/1855/376
f 1271/1842/374 1270/1841/374 1489/1847/374 1488/1846/374
f 1270/1841/375 1269/1840/375 1490/1850/375 1489/1847/375
f 1269/1840/377 1111/1809/377 1230/1820/377 1490/1850/377
f 1490/1850/377 1230/1820/377 1231/1825/377 1493/1851/377
f 1493/1851/377 1231/1825/377 1232/1824/377 1496/1854/377
f 1496/1854/377 1232/1824/377 1112/1599/377 1272/1598/377
f 1495/1852/375 1496/1854/375 1272/1598/375 1273/1597/375
f 1494/1853/374 1495/1852/374 1273/1597/374 1274/1595/374
f 1208/1856/376 1494/1853/376 1274/1595/376 1104/1594/376
f 1207/1857/376 1491/1849/376 1494/1853/376 1208/1856/376
f 1206/1855/376 1488/1846/376 1491/1849/376 1207/1857/376
f 1497/1858/378 1498/1859/378 1501/1860/378 1500/1861/378
f 1498/1859/379 1499/1862/379 1502/1863/379 1501/1860/379
f 1500/1861/380 1501/1860/380 1504/1864/380 1503/1865/380
f 1501/1860/381 1502/1863/381 1505/1866/381 1504/1864/381
f 1088/1867/382 1127/1868/382 1497/1858/382 1154/1869/382
f 1127/1868/383 1126/1870/383 1498/1859/383 1497/1858/383
f 1126/1870/384 1125/1871/384 1499/1862/384 1498/1859/384
f 1125/1871/385 1087/1872/385 1209/1873/385 1499/1862/385
f 1499/1862/386 1209/1873/386 1210/1874/386 1502/1863/386
f 1502/1863/387 1210/1874/387 1211/1875/387 1505/1866/387
f 1505/1866/504 1211/1875/504 1105/1778/504 1275/1876/504
f 1504/1864/389 1505/1866/389 1275/1876/389 1276/1877/389
f 1503/1865/390 1504/1864/390 1276/1877/390 1277/1878/390
f 1152/1879/391 1503/1865/391 1277/1878/391 1110/1880/391
f 1153/1881/392 1500/1861/392 1503/1865/392 1152/1879/392
f 1154/1869/393 1497/1858/393 1500/1861/393 1153/1881/393
f 1506/1882/394 1507/1883/394 1510/1884/394 1509/1885/394
f 1507/1883/395 1508/1886/395 1511/1887/395 1510/1884/395
f 1509/1885/394 1510/1884/394 1513/1888/394 1512/1889/394
f 1510/1884/396 1511/1887/396 1514/1890/396 1513/1888/396
f 1110/1880/397 1277/1878/397 1506/1882/397 1226/1891/397
f 1277/1878/394 1276/1877/394 1507/1883/394 1506/1882/394
f 1276/1877/398 1275/1876/398 1508/1886/398 1507/1883/398
f 1275/1876/399 1105/1778/399 1212/1781/399 1508/1886/399
f 1508/1886/400 1212/1781/400 1213/1784/400 1511/1887/400
f 1511/1887/401 1213/1784/401 1214/1782/401 1514/1890/401
f 1514/1890/402 1214/1782/402 1106/1509/402 1278/1508/402
f 1513/1888/403 1514/1890/403 1278/1508/403 1279/1507/403
f 1512/1889/394 1513/1888/394 1279/1507/394 1280/1505/394
f 1224/1892/397 1512/1889/397 1280/1505/397 1109/1504/397
f 1225/1893/397 1509/1885/397 1512/1889/397 1224/1892/397
f 1226/1891/397 1506/1882/397 1509/1885/397 1225/1893/397
f 1515/1894/404 1516/1895/404 1519/1896/404 1518/1897/404
f 1516/1895/405 1517/1898/405 1520/1899/405 1519/1896/405
f 1518/1897/406 1519/1896/406 1522/1900/406 1521/1901/406
f 1519/1896/407 1520/1899/407 1523/1902/407 1522/1900/407
f 1095/1800/408 1157/1903/408 1515/1894/408 1233/1801/408
f 1157/1903/409 1156/1904/409 1516/1895/409 1515/1894/409
f 1156/1904/410 1155/1905/410 1517/1898/410 1516/1895/410
f 1155/1905/411 1088/1906/411 1154/1907/411 1517/1898/411
f 1517/1898/412 1154/1907/412 1153/1908/412 1520/1899/412
f 1520/1899/413 1153/1908/413 1152/1909/413 1523/1902/413
f 1523/1902/414 1152/1909/414 1110/1910/414 1281/1911/414
f 1522/1900/415 1523/1902/415 1281/1911/415 1282/1912/415
f 1521/1901/416 1522/1900/416 1282/1912/416 1283/1913/416
f 1235/1803/417 1521/1901/417 1283/1913/417 1113/1804/417
f 1234/1802/418 1518/1897/418 1521/1901/418 1235/1803/418
f 1233/1801/419 1515/1894/419 1518/1897/419 1234/1802/419
f 1524/1914/420 1525/1915/420 1528/1916/420 1527/1917/420
f 1525/1915/421 1526/1918/421 1529/1919/421 1528/1916/421
f 1527/1917/420 1528/1916/420 1531/1920/420 1530/1921/420
f 1528/1916/421 1529/1919/421 1532/1922/421 1531/1920/421
f 1113/1804/422 1283/1913/422 1524/1914/422 1236/1821/422
f 1283/1913/420 1282/1912/420 1525/1915/420 1524/1914/420
f 1282/1912/421 1281/1911/421 1526/1918/421 1525/1915/421
f 1281/1911/423 1110/1910/423 1226/1923/423 1526/1918/423
f 1526/1918/505 1226/1923/505 1225/1924/505 1529/1919/505
f 1529/1919/423 1225/1924/423 1224/1925/423 1532/1922/423
f 1532/1922/423 1224/1925/423 1109/1484/423 1284/1483/423
f 1531/1920/421 1532/1922/421 1284/1483/421 1285/1482/421
f 1530/1921/420 1531/1920/420 1285/1482/420 1286/1480/420
f 1238/1823/422 1530/1921/422 1286/1480/422 1114/1479/422
f 1237/1822/422 1527/1917/422 1530/1921/422 1238/1823/422
f 1236/1821/422 1524/1914/422 1527/1917/422 1237/1822/422
f 1533/1926/424 1534/1927/424 1537/1928/424 1536/1929/424
f 1534/1927/425 1535/1930/425 1538/1931/425 1537/1928/425
f 1536/1929/426 1537/1928/426 1540/1932/426 1539/1933/426
f 1537/1928/427 1538/1931/427 1541/1934/427 1540/1932/427
f 1094/1935/428 1128/1936/428 1533/1926/428 1121/1937/428
f 1128/1936/429 1129/1938/429 1534/1927/429 1533/1926/429
f 1129/1938/430 1130/1939/430 1535/1930/430 1534/1927/430
f 1130/1939/431 1093/1940/431 1215/1941/431 1535/1930/431
f 1535/1930/432 1215/1941/432 1216/1942/432 1538/1931/432
f 1538/1931/433 1216/1942/433 1217/1943/433 1541/1934/433
f 1541/1934/434 1217/1943/434 1107/1944/434 1287/1945/434
f 1540/1932/435 1541/1934/435 1287/1945/435 1288/1946/435
f 1539/1933/436 1540/1932/436 1288/1946/436 1289/1947/436
f 1119/1948/437 1539/1933/437 1289/1947/437 1104/1949/437
f 1120/1950/493 1536/1929/493 1539/1933/493 1119/1948/493
f 1121/1937/439 1533/1926/439 1536/1929/439 1120/1950/439
f 1542/1951/440 1543/1952/440 1546/1953/440 1545/1954/440
f 1543/1952/441 1544/1955/441 1547/1956/441 1546/1953/441
f 1545/1954/442 1546/1953/442 1549/1957/442 1548/1958/442
f 1546/1953/443 1547/1956/443 1550/1959/443 1549/1957/443
f 1104/1949/444 1289/1947/444 1542/1951/444 1208/1960/444
f 1289/1947/445 1288/1946/445 1543/1952/445 1542/1951/445
f 1288/1946/446 1287/1945/446 1544/1955/446 1543/1952/446
f 1287/1945/447 1107/1944/447 1218/1961/447 1544/1955/447
f 1544/1955/448 1218/1961/448 1219/1962/448 1547/1956/448
f 1547/1956/449 1219/1962/449 1220/1963/449 1550/1959/449
f 1550/1959/450 1220/1963/450 1108/1459/450 1290/1458/450
f 1549/1957/451 1550/1959/451 1290/1458/451 1291/1457/451
f 1548/1958/452 1549/1957/452 1291/1457/452 1292/1455/452
f 1206/1964/444 1548/1958/444 1292/1455/444 1103/1454/444
f 1207/1965/506 1545/1954/506 1548/1958/506 1206/1964/506
f 1208/1960/444 1542/1951/444 1545/1954/444 1207/1965/444
f 1551/1966/453 1552/1967/453 1555/1968/453 1554/1969/453
f 1552/1967/454 1553/1970/454 1556/1971/454 1555/1968/454
f 1554/1969/455 1555/1968/455 1558/1972/455 1557/1973/455
f 1555/1968/456 1556/1971/456 1559/1974/456 1558/1972/456
f 1101/1563/457 1175/1562/457 1551/1975/457 1245/1721/457
f 1175/1562/458 1174/1561/458 1552/1976/458 1551/1975/458
f 1174/1977/459 1173/1978/459 1553/1970/459 1552/1967/459
f 1173/1978/494 1091/1979/494 1148/1980/494 1553/1970/494
f 1553/1970/461 1148/1980/461 1147/1981/461 1556/1971/461
f 1556/1971/462 1147/1981/462 1146/1982/462 1559/1974/462
f 1559/1974/463 1146/1982/463 1108/1983/463 1293/1984/463
f 1558/1972/464 1559/1974/464 1293/1984/464 1294/1985/464
f 1557/1973/465 1558/1972/465 1294/1985/465 1295/1986/465
f 1247/1724/466 1557/1973/466 1295/1986/466 1117/1725/466
f 1246/1723/467 1554/1969/467 1557/1973/467 1247/1724/467
f 1245/1722/468 1551/1966/468 1554/1969/468 1246/1723/468
f 1560/1987/469 1561/1988/469 1564/1989/469 1563/1990/469
f 1561/1988/470 1562/1991/470 1565/1992/470 1564/1989/470
f 1563/1990/471 1564/1989/471 1567/1993/471 1566/1994/471
f 1564/1989/472 1565/1992/472 1568/1995/472 1567/1993/472
f 1117/1725/473 1295/1986/473 1560/1987/473 1248/1743/473
f 1295/1986/474 1294/1985/474 1561/1988/474 1560/1987/474
f 1294/1985/475 1293/1984/475 1562/1991/475 1561/1988/475
f 1293/1984/476 1108/1983/476 1220/1996/476 1562/1991/476
f 1562/1997/477 1220/1963/477 1219/1962/477 1565/1998/477
f 1565/1998/478 1219/1962/478 1218/1961/478 1568/1999/478
f 1568/1999/479 1218/1961/479 1107/1944/479 1296/2000/479
f 1567/1993/480 1568/1995/480 1296/1408/480 1297/1407/480
f 1566/1994/481 1567/1993/481 1297/1407/481 1298/1405/481
f 1250/1745/482 1566/1994/482 1298/1405/482 1118/1404/482
f 1249/1744/483 1563/1990/483 1566/1994/483 1250/1745/483
f 1248/1743/484 1560/1987/484 1563/1990/484 1249/1744/484
usemtl Material
f 1813/2365/507 1817/2366/507 1819/2367/507 1815/2368/507
f 1816/2369/508 1815/2370/508 1819/2371/508 1820/2372/508
f 1820/2373/60 1819/2374/60 1817/2375/60 1818/2376/60
f 1818/2377/509 1814/2378/509 1816/2379/509 1820/2380/509
f 1814/2381/51 1813/2382/51 1815/2383/51 1816/2384/51
f 1818/2385/510 1817/2386/510 1813/2387/510 1814/2388/510
f 1821/2389/507 1825/2390/507 1827/2391/507 1823/2392/507
f 1824/2393/508 1823/2394/508 1827/2395/508 1828/2396/508
f 1828/2397/60 1827/2398/60 1825/2399/60 1826/2400/60
f 1826/2401/509 1822/2402/509 1824/2403/509 1828/2404/509
f 1822/2405/51 1821/2406/51 1823/2407/51 1824/2408/51
f 1826/2409/510 1825/2410/510 1821/2411/510 1822/2412/510
f 1829/2413/60 1833/2414/60 1835/2415/60 1831/2416/60
f 1832/2417/508 1831/2418/508 1835/2419/508 1836/2420/508
f 1836/2421/509 1835/2422/509 1833/2423/509 1834/2424/509
f 1834/2425/51 1830/2426/51 1832/2427/51 1836/2428/51
f 1830/2429/507 1829/2430/507 1831/2431/507 1832/2432/507
f 1834/2433/510 1833/2434/510 1829/2435/510 1830/2436/510
f 1837/2437/60 1841/2438/60 1843/2439/60 1839/2440/60
f 1840/2441/508 1839/2442/508 1843/2443/508 1844/2444/508
f 1844/2445/509 1843/2446/509 1841/2447/509 1842/2448/509
f 1842/2449/51 1838/2450/51 1840/2451/51 1844/2452/51
f 1838/2453/507 1837/2454/507 1839/2455/507 1840/2456/507
f 1842/2457/510 1841/2458/510 1837/2459/510 1838/2460/510
f 1845/2461/60 1849/2462/60 1851/2463/60 1847/2464/60
f 1848/2465/508 1847/2466/508 1851/2467/508 1852/2468/508
f 1852/2469/509 1851/2470/509 1849/2471/509 1850/2472/509
f 1850/2473/51 1846/2474/51 1848/2475/51 1852/2476/51
f 1846/2477/507 1845/2478/507 1847/2479/507 1848/2480/507
f 1850/2481/510 1849/2482/510 1845/2483/510 1846/2484/510
f 1853/2485/511 1854/2486/511 1856/2487/511 1855/2488/511
f 1855/2489/512 1856/2490/512 1858/2491/512 1857/2492/512
f 1857/2492/513 1858/2491/513 1860/2493/513 1859/2494/513
f 1859/2495/514 1860/2496/514 1862/2497/514 1861/2498/514
f 1861/2498/515 1862/2497/515 1864/2499/515 1863/2500/515
f 1863/2501/516 1864/2502/516 1866/2503/516 1865/2504/516
f 1856/2505/507 1854/2506/507 1868/2507/507 1866/2508/507 1864/2509/507 1862/2510/507 1860/2511/507 1858/2512/507
f 1865/2504/517 1866/2503/517 1868/2513/517 1867/2514/517
f 1867/2515/518 1868/2516/518 1854/2486/518 1853/2485/518
f 1853/2517/509 1855/2518/509 1857/2519/509 1859/2520/509 1861/2521/509 1863/2522/509 1865/2523/509 1867/2524/509
f 1869/2525/511 1870/2526/511 1872/2527/511 1871/2528/511
f 1871/2529/512 1872/2530/512 1874/2531/512 1873/2532/512
f 1873/2532/513 1874/2531/513 1876/2533/513 1875/2534/513
f 1875/2535/514 1876/2536/514 1878/2537/514 1877/2538/514
f 1877/2538/515 1878/2537/515 1880/2539/515 1879/2540/515
f 1879/2541/516 1880/2542/516 1882/2543/516 1881/2544/516
f 1872/2545/507 1870/2546/507 1884/2547/507 1882/2548/507 1880/2549/507 1878/2550/507 1876/2551/507 1874/2552/507
f 1881/2544/517 1882/2543/517 1884/2553/517 1883/2554/517
f 1883/2555/518 1884/2556/518 1870/2526/518 1869/2525/518
f 1869/2557/509 1871/2558/509 1873/2559/509 1875/2560/509 1877/2561/509 1879/2562/509 1881/2563/509 1883/2564/509
f 1885/2565/511 1886/2566/511 1888/2567/511 1887/2568/511
f 1887/2569/512 1888/2570/512 1890/2571/512 1889/2572/512
f 1889/2572/513 1890/2571/513 1892/2573/513 1891/2574/513
f 1891/2575/514 1892/2576/514 1894/2577/514 1893/2578/514
f 1893/2578/515 1894/2577/515 1896/2579/515 1895/2580/515
f 1895/2581/516 1896/2582/516 1898/2583/516 1897/2584/516
f 1888/2585/507 1886/2586/507 1900/2587/507 1898/2588/507 1896/2589/507 1894/2590/507 1892/2591/507 1890/2592/507
f 1897/2584/517 1898/2583/517 1900/2593/517 1899/2594/517
f 1899/2595/518 1900/2596/518 1886/2566/518 1885/2565/518
f 1885/2597/509 1887/2598/509 1889/2599/509 1891/2600/509 1893/2601/509 1895/2602/509 1897/2603/509 1899/2604/509
